,slug,view_count,event,filmed
0,9_11_healing_the_mothers_who_found_forgiveness_friendship,836750,TEDWomen 2010,2010-12-12
1,a_choir_as_big_as_the_internet,400751,Eric Whitacre's Virtual Choir,2010-03-10
3,a_robot_that_flies_like_a_bird,6331411,TEDGlobal 2011,2011-07-15
4,a_ted_speaker_s_worst_nightmare,2984064,TED2012,2012-03-01
5,a_whistleblower_you_haven_t_heard,2004839,TEDxRotterdam 2010,2010-06-04
6,aakash_odedra_a_dance_in_a_hurricane_of_paper_wind_and_light,831464,TEDGlobal 2014,2014-10-21
7,aala_el_khani_what_it_s_like_to_be_a_parent_in_a_war_zone,943318,TEDxManchester,2016-02-14
8,aaron_huey,1404833,TEDxDU 2010,2010-09-19
9,aaron_koblin,1503044,TED2011,2011-03-02
13,abigail_marsh_why_some_people_are_more_altruistic_than_others,1775619,TEDSummit,2016-06-26
17,adam_alter_why_our_screens_make_us_less_happy,2613880,TED2017,2017-04-24
19,adam_de_la_zerda_how_we_can_start_winning_the_war_against_cancer,1010021,TEDxStanford,2016-04-24
20,adam_driver_my_journey_from_marine_to_actor,4588988,TED Talks Live,2015-11-03
22,adam_galinsky_how_to_speak_up_for_yourself,3430090,TEDxNewYork,2016-09-10
24,adam_grant_are_you_a_giver_or_a_taker,3917466,TED@IBM,2016-11-15
26,adam_grosser_and_his_sustainable_fridge,867800,TED2007,2007-02-02
29,adam_savage_my_love_letter_to_cosplay,1778915,TED2016,2016-02-16
30,adam_savage_s_obsessions,1724294,EG 2008,2008-12-12
34,adora_svitak,4899371,TED2010,2010-02-13
36,ahn_trio_a_modern_take_on_piano_violin_cello,760347,TEDWomen 2010,2010-12-08
37,aimee_mullins_on_running,1037813,TED1998,1998-02-02
38,aimee_mullins_prosthetic_aesthetics,3549255,TED2009,2009-02-05
43,al_gore_on_averting_climate_crisis,3229810,TED2006,2006-02-25
46,al_gore_warns_on_latest_climate_trends,792178,TED2009,2009-02-06
47,al_seckel_says_our_brains_are_mis_wired,2179841,TED2004,2004-02-26
51,alain_de_botton_atheism_2_0,2264873,TEDGlobal 2011,2011-07-13
54,alan_russell_on_regenerating_our_bodies,1468307,TED2006,2006-02-02
55,alan_siegel_let_s_simplify_legal_jargon,895061,TED2010,2010-02-11
56,alan_smith_why_we_re_so_bad_at_statistics,1471510,TEDxExeter,2016-04-15
58,alastair_gray_how_fake_handbags_fund_terrorism_and_organized_crime,891933,TED@Tommy,2017-11-14
63,alejandro_sanchez_alvarado_to_solve_old_problems_study_new_species,1156528,TEDxKC,2016-08-19
64,aleph_molinari_let_s_bridge_the_digital_divide,121438,TEDxSanMigueldeAllende,2011-08-06
65,alessandra_orofino_it_s_our_city_let_s_fix_it,755907,TEDGlobal 2014,2014-10-07
66,alessandro_acquisti_why_privacy_matters,1328558,TEDGlobal 2013,2013-06-14
67,alex_kipman_the_dawn_of_the_age_of_holograms,2526743,TED2016,2016-02-18
69,alex_steffen,992921,TEDGlobal 2011,2011-07-12
70,alex_steffen_sees_a_sustainable_future,1442915,TEDGlobal 2005,2005-07-07
71,alex_tabarrok_foresees_economic_growth,765401,TED2009,2009-02-07
73,alexa_meade,2704247,TEDGlobal 2013,2013-06-13
75,alexander_betts_why_brexit_happened_and_what_to_do_next,2543512,TEDSummit,2016-06-29
77,alexander_wagner_what_really_motivates_people_to_be_honest_in_business,1219280,TEDxZurich,2016-11-11
82,alice_goffman_college_or_prison_two_destinies_one_blatant_injustice,1589390,TED2015,2015-03-19
84,alicia_garza_patrisse_cullors_and_opal_tometi_an_interview_with_the_founders_of_black_lives_matter,811084,TEDWomen 2016,2016-10-27
85,alisa_miller_shares_the_news_about_the_news,1933754,TED2008,2008-03-03
87,alison_jackson_looks_at_celebrity,676842,TEDGlobal 2005,2005-07-07
93,allan_jones_a_map_of_the_brain,1060496,TEDGlobal 2011,2011-07-13
95,allison_hunt_gets_a_new_hip,573525,TED2007,2007-03-03
98,alyssa_monks_how_loss_helped_one_artist_find_beauty_in_imperfection,1176507,TEDxIndianaUniversity,2015-11-13
101,amanda_palmer_jherek_bischoff_usman_riaz_space_oddity,748397,TED2016,2016-02-19
104,ameenah_gurib_fakim_an_interview_with_mauritius_s_first_female_president,725877,TEDGlobal 2017,2017-08-27
107,amel_karboul_the_global_learning_crisis_and_what_to_do_about_it,1181853,TED@BCG Milan,2017-10-04
110,amit_sood_every_piece_of_art_you_ve_ever_wanted_to_see_up_close_and_searchable,950488,TED2016,2016-02-17
616,amy_adele_hasinoff_how_to_practice_safe_sexting,1326919,TEDxMileHigh,2016-06-25
618,amy_green_a_video_game_to_cope_with_grief,1263054,TEDNYC,2017-02-15
621,amy_smith_shares_simple_lifesaving_design,1458949,TED2006,2006-02-24
622,amy_tan_on_creativity,2574542,TED2008,2008-02-02
624,anab_jain_why_we_need_to_imagine_different_futures,1458643,TED2017,2017-04-24
625,anand_agarawala_demos_his_bumptop_desktop,1487143,TED2007,2007-03-03
626,anand_giridharadas_a_letter_to_all_who_have_lost_in_this_era,977966,TEDSummit,2016-06-29
640,andres_ruzo_the_mythical_boiling_river_of_the_amazon,1364659,TEDGlobal 2014,2014-10-06
643,andrew_blum_what_is_the_internet_really,1364311,TEDGlobal 2012,2012-06-27
648,andrew_mwenda_takes_a_new_look_at_africa,775989,TEDGlobal 2007,2007-06-06
649,andrew_pelling_this_scientist_makes_ears_out_of_apples,1213554,TED2016,2016-02-15
654,andrew_youn_3_reasons_why_we_can_win_the_fight_against_poverty,1198818,TED2016,2016-02-17
657,andy_yen_think_your_email_s_private_think_again,1601806,TEDGlobal 2014,2014-10-08
659,angela_lee_duckworth_grit_the_power_of_passion_and_perseverance,12992530,TED Talks Education,2013-04-04
661,angela_wang_how_china_is_changing_the_future_of_shopping,850937,TED@BCG Milan,2017-10-04
664,ani_liu_smelfies_and_other_experiments_in_synthetic_biology,807370,TEDxBeaconStreet,2016-11-19
665,anika_paulson_how_i_found_myself_through_music,955237,TED2017,2017-04-24
666,anil_ananthaswamy,540798,INK Conference,2010-12-08
668,anil_seth_how_your_brain_hallucinates_your_conscious_reality,3898551,TED2017,2017-04-24
669,anindya_kundu_the_boost_students_need_to_overcome_obstacles,1208079,TED Residency,2017-06-06
670,anjali_tripathi_why_earth_may_someday_look_like_mars,1005638,TEDxBeaconStreet,2015-11-14
671,anjan_chatterjee_how_your_brain_decides_what_is_beautiful,1833460,TEDMED 2016,2016-11-30
672,anjan_sundaram_why_i_risked_my_life_to_expose_a_government_massacre,840582,TED2017,2017-04-24
673,ann_cooper_talks_school_lunches,1190063,EG 2007,2007-12-12
675,anna_deavere_smith_s_american_character,1001584,TED2005,2005-02-25
676,anna_heringer_the_warmth_and_wisdom_of_mud_buildings,902282,TED2017,2017-04-24
679,anne_lamott_12_truths_i_learned_from_life_and_writing,2303278,TED2017,2017-04-24
680,anne_madden_meet_the_microscopic_life_in_your_home_and_on_your_face,1133180,TED2017,2017-04-24
686,annmarie_thomas_squishy_circuits,869427,TED2011,2011-03-02
690,anthony_d_romero_this_is_what_democracy_looks_like,1052210,TED2017,2017-04-24
691,anthony_goldbloom_the_jobs_we_ll_lose_to_machines_and_the_ones_we_won_t,2083757,TED2016,2016-02-15
701,ari_wallach_3_ways_to_plan_for_the_very_long_term,1734621,TEDxMidAtlantic,2016-10-21
705,armando_azua_bustos_the_most_martian_place_on_earth,920296,TED2017,2017-04-24
706,arthur_benjamin_does_mathemagic,8496155,TED2005,2005-02-02
707,arthur_benjamin_s_formula_for_changing_math_education,2253748,TED2009,2009-02-05
709,arthur_brooks_a_conservative_s_plea_let_s_work_together,1163483,TED2016,2016-02-15
718,ashley_judd_how_online_abuse_of_women_has_spiraled_out_of_control,1547676,TEDWomen 2016,2016-10-27
719,ashraf_ghani_on_rebuilding_broken_states,826910,TEDGlobal 2005,2005-07-12
720,ashton_applewhite_let_s_end_ageism,1201816,TED2017,2017-04-24
721,ashton_cofer_a_young_inventor_s_plan_to_recycle_styrofoam,1127483,TED-Ed Weekend,2016-12-03
723,astonishing_performance_by_a_venezuelan_youth_orchestra_1,2106661,TED2009,2009-02-05
726,atul_gawande_want_to_get_great_at_something_get_a_coach,1017909,TED2017,2017-04-24
727,aubrey_de_grey_says_we_can_avoid_aging,3346547,TEDGlobal 2005,2005-07-14
729,augie_picado_the_real_reason_manufacturing_jobs_are_disappearing,1416551,TED@UPS,2017-07-20
734,award_winning_teen_age_science_in_action,927023,TEDxWomen 2011,2011-12-08
736,aziz_abu_sarah_for_more_tolerance_we_need_more_tourism,1338214,TED2014,2014-03-19
749,bart_knols_cheese_dogs_and_pills_to_end_malaria,273238,TEDxMaastricht,2012-04-02
753,bastian_schaefer_a_3d_printed_jumbo_jet,1114552,TEDGlobal 2013,2013-06-10
763,ben_cameron_tedxyyc,504895,TEDxYYC,2010-02-26
764,ben_dunlap_talks_about_a_passionate_life,1883986,TED2007,2007-03-03
769,ben_saunders_skis_to_the_north_pole,764019,TED2005,2005-02-24
775,benjamin_grant_what_it_feels_like_to_see_earth_from_space,1070602,TEDxSkoll,2017-04-07
777,benjamin_zander_on_music_and_passion,9653807,TED2008,2008-02-02
780,bertrand_piccard_s_solar_powered_adventure,791376,TEDGlobal 2009,2009-07-24
781,beth_malone_how_my_dad_s_dementia_changed_my_idea_of_death_and_life,887600,TED Residency,2017-06-06
783,bettina_warburg_how_the_blockchain_will_radically_transform_the_economy,2713603,TEDSummit,2016-06-29
787,bill_clinton_on_rebuilding_rwanda,857647,TED2007,2007-03-08
791,bill_gates,4493696,TED2010,2010-02-12
795,bill_gates_unplugged,2684208,TED2009,2009-02-02
796,bill_gross_on_new_energy,618317,TED2003,2003-02-02
798,bill_joy_muses_on_what_s_next,493098,TED2006,2006-02-02
799,bill_stone_explores_the_earth_and_space,1842749,TED2007,2007-03-03
800,bill_strickland_makes_change_with_a_slide_show,631539,TED2002,2002-02-02
801,bill_t_jones_the_dancer_the_singer_the_cellist_and_a_moment_of_creative_magic,1292993,TED2015,2015-03-18
809,bjarke_ingels_hedonistic_sustainability,431522,TEDxEast,2011-05-09
810,bjorn_lomborg_sets_global_priorities,1415510,TED2005,2005-02-02
812,blaise_aguera,1737744,TED2010,2010-02-11
813,blaise_aguera_y_arcas_demos_photosynth,4800280,TED2007,2007-03-03
814,blaise_aguera_y_arcas_how_computers_are_learning_to_be_creative,1505719,TED@BCG Paris,2016-05-18
815,boaz_almog_levitates_a_superconductor,2402615,TEDGlobal 2012,2012-06-30
819,bobby_mcferrin_hacks_your_brain_with_music,3318684,World Science Festival,2009-06-10
823,bono_s_call_to_action_for_africa,726538,TED2005,2005-02-24
828,brenda_laurel_on_making_games_for_girls,388627,TED1998,1998-02-02
830,brene_brown_on_vulnerability,32719403,TEDxHouston,2010-06-06
832,brian_cox_on_cern_s_supercollider,3139896,TED2008,2008-03-03
837,brian_greene_on_string_theory,4290372,TED2005,2005-02-02
838,brian_greene_why_is_our_universe_fine_tuned_for_life,3511842,TED2012,2012-02-27
839,brian_little_who_are_you_really_the_puzzle_of_personality,4713101,TED2016,2016-02-16
840,brian_skerry_reveals_ocean_s_glory_and_horror,1442772,Mission Blue Voyage,2010-04-16
842,brittney_cooper_the_racial_politics_of_time,730813,TEDWomen 2016,2016-10-26
843,bruce_aylward_how_we_ll_stop_polio,523279,TED2011,2011-03-03
844,bruce_aylward_humanity_vs_ebola_the_winning_strategies_in_a_terrifying_war,872282,TEDxPlaceDesNations,2014-12-11
845,bruce_bueno_de_mesquita_predicts_iran_s_future,764541,TED2009,2009-02-07
848,bruce_mccall_s_faux_nostalgia,407050,Serious Play 2008,2008-05-12
849,bruce_schneier,762043,TEDxPSU,2010-10-10
850,bruno_bowden_folds_while_rufus_cappadocia_plays,379411,TED2008,2008-02-02
851,bruno_maisonnier_dance_tiny_robots,1208472,TEDxConcorde,2013-01-24
854,bunker_roy,3663555,TEDGlobal 2011,2011-07-14
857,caitlin_doughty_a_burial_practice_that_nourishes_the_planet,1017308,TEDMED 2016,2016-11-30
858,caitlin_quattromani_and_lauran_arledge_how_our_friendship_survives_our_opposing_politics,944642,TEDxMileHigh,2017-07-08
860,caleb_barlow_where_is_cybercrime_really_coming_from,1384272,TED@IBM,2016-11-15
861,caleb_chung_plays_with_pleo,427528,EG 2007,2007-12-12
864,cameron_russell_looks_aren_t_everything_believe_me_i_m_a_model,21085001,TEDxMidAtlantic,2012-10-27
865,cameron_sinclair_on_open_source_architecture,1227555,TED2006,2006-02-26
867,camille_a_brown_a_visual_history_of_social_dance_in_25_moves,867044,TED Studio,2016-06-01
873,carina_morillo_to_understand_autism_don_t_look_away,499111,TEDxRiodelaPlata,2016-10-22
874,carl_honore_praises_slowness,2523861,TEDGlobal 2005,2005-07-07
875,carl_safina_the_oil_spill_s_unseen_culprits_victims,620530,TEDxOilSpill,2010-06-28
879,carlos_bautista_the_awful_logic_of_land_mines_and_an_app_that_helps_people_avoid_them,770808,TED Residency,2017-06-06
880,carmen_agra_deedy_spins_stories,704172,TED2005,2005-02-02
886,caroline_paul_to_raise_brave_girls_encourage_adventure,1608575,TEDWomen 2016,2016-10-26
888,carolyn_bertozzi_what_the_sugar_coating_on_your_cells_is_trying_to_tell_you,1024113,TEDxStanford,2016-04-24
890,carolyn_porco_flies_us_to_saturn,2666844,TED2007,2007-03-03
892,carrie_nugent_adventures_of_an_asteroid_hunter,1118334,TED2016,2016-02-15
893,carrie_poppy_a_scientific_approach_to_the_paranormal,1340674,TEDxVienna,2016-10-22
896,casey_brown_know_your_worth_and_then_ask_for_it,2334987,TEDxColumbusWomen,2015-05-28
897,casey_gerald_the_gospel_of_doubt,1550866,TED2016,2016-02-19
898,cat_laine_engineering_a_better_life_for_all,156172,Business Innovation Factory,2009-10-07
902,catherine_mohr_builds_green,778785,TED2010,2010-02-13
904,cathy_o_neil_the_era_of_blind_faith_in_big_data_must_end,1078490,TED2017,2017-04-24
905,cedric_villani_what_s_so_sexy_about_math,1680106,TED2016,2016-02-16
911,chance_coughenour_how_your_pictures_can_help_reclaim_lost_history,777447,TEDxHamburg,2016-06-08
913,charity_wayua_a_few_ways_to_fix_an_ailing_government,993919,TED@IBM,2016-11-15
915,charles_elachi_on_the_mars_rovers,565814,Serious Play 2008,2008-05-07
917,charles_hazlewood,509584,TEDGlobal 2011,2011-07-13
918,charles_leadbeater_on_education,788139,TEDSalon London 2010,2010-04-25
919,charles_leadbeater_on_innovation,1447500,TEDGlobal 2005,2005-07-14
928,chetan_bhatt_dare_to_refuse_the_origin_myths_that_claim_who_you_are,1191467,TEDxExeter,2015-04-24
929,cheyenne_cochrane_a_celebration_of_natural_hair,1238095,TEDxBeaconStreet,2016-11-19
931,chika_ezeanya_esiobu_how_africa_can_use_its_traditional_knowledge_to_make_progress,918259,TEDGlobal 2017,2017-08-27
933,chimamanda_ngozi_adichie_we_should_all_be_feminists,1497916,TEDxEuston,2012-12-01
934,chinaka_hodge_what_will_you_tell_your_daughters_about_2016,1161736,TEDWomen 2016,2016-10-28
939,chris_abani_on_the_stories_of_africa,578529,TEDGlobal 2007,2007-06-06
942,chris_anderson_shares_his_vision_for_ted,329558,TED2002,2002-02-02
951,chris_jordan_pictures_some_shocking_stats,1567076,TED2008,2008-02-02
955,chris_milk_the_birth_of_virtual_reality_as_an_art_form,832700,TED2016,2016-02-18
956,chris_sheldrick_a_precise_three_word_address_for_every_place_on_earth,1065563,TEDGlobal 2017,2017-08-27
958,christen_reighter_i_don_t_want_children_stop_telling_me_i_ll_change_my_mind,1189930,TEDxMileHighWomen,2016-10-28
959,christian_rodriguez_what_teen_pregnancy_looks_like_in_latin_america,1124144,TEDGlobal 2017,2017-08-27
961,christiane_amanpour_how_to_seek_truth_in_the_era_of_fake_news,1248506,TEDGlobal>NYC,2017-09-20
962,christien_meindertsma_on_pig_05049,1170918,TEDGlobal 2010,2010-07-09
966,christopher_bell_bring_on_the_female_superheroes,1061768,TEDxColoradoSprings,2015-10-17
967,christopher_deam_restyles_the_airstream,310997,TED2002,2002-02-02
970,christopher_m00t_poole_the_case_for_anonymity_online,1466795,TED2010,2010-02-12
971,christopher_mcdougall_are_we_born_to_run,2497057,TEDxPennQuarter,2010-07-11
973,christopher_soghoian_a_brief_history_of_phone_wiretapping_and_how_to_avoid_it,1295810,TED2015,2015-03-17
975,christopher_soghoian_your_smartphone_is_a_civil_rights_issue,1374324,TEDSummit,2016-06-29
982,clifford_stoll_on_everything,2324387,TED2006,2006-02-28
985,colin_camerer_neuroscience_game_theory_monkeys,1407252,TEDxCaltech,2013-01-18
986,colin_grant_the_son_of_a_difficult_father,888921,TEDxBrighton,2012-10-26
992,courtney_martin_reinventing_feminism,973330,TEDWomen 2010,2010-12-10
993,courtney_martin_the_new_american_dream,1459735,TED2016,2016-02-19
995,craig_venter_on_dna_and_the_sea,566712,TEDGlobal 2005,2005-02-24
996,craig_venter_unveils_synthetic_life,1097428,TED in the Field,2010-05-21
998,curtis_wall_street_carroll_how_i_learned_to_read_and_trade_stocks_in_prison,2445709,TEDxSanQuentin,2016-01-22
1000,cynthia_erivo_natural_woman_and_johnny_and_donna,113220,TED2017,2017-04-24
1003,daan_roosegaarde_a_smog_vacuum_cleaner_and_other_magical_city_designs,914990,TED2017,2017-04-24
1004,daffodil_hudson_is_this_the_cure_for_stage_fright,755011,TED in the Field,2014-04-01
1013,damon_davis_what_i_saw_at_the_ferguson_protests,960920,TED2017,2017-04-24
1014,damon_horowitz,694895,TEDxSiliconValley,2011-05-14
1024,dan_bell_inside_america_s_dead_shopping_malls,1803064,TEDxMidAtlantic,2016-10-21
1026,dan_bricklin_meet_the_inventor_of_the_electronic_spreadsheet,1031721,TEDxBeaconStreet,2016-11-19
1029,dan_dennett_cute_sexy_sweet_funny,2434627,TED2009,2009-02-05
1031,dan_dennett_on_our_consciousness,2771073,TED2003,2003-02-27
1032,dan_gartenberg_the_brain_benefits_of_deep_sleep_and_how_to_get_more_of_it,1698325,TED Residency,2017-06-06
1033,dan_gilbert_asks_why_are_we_happy,15141169,TED2004,2004-02-02
1034,dan_gilbert_researches_happiness,3847941,TEDGlobal 2005,2005-07-07
1035,dan_gilbert_you_are_always_changing,3528046,TED2014,2014-03-18
1037,dan_meyer_math_curriculum_makeover,2507644,TEDxNYED,2010-03-06
1042,dan_pink_on_motivation,19575240,TEDGlobal 2009,2009-07-24
1044,daniel_goleman_on_compassion,1684808,TED2007,2007-03-03
1049,daniel_kraft_medicine_s_future,883040,TEDxMaastricht,2011-04-04
1054,daniel_schnitzer_inventing_is_the_easy_part,215259,TEDxPittsburgh,2011-11-19
1059,danielle_de_niese_a_flirtatious_aria,799969,TEDGlobal 2011,2011-07-12
1062,danny_dorling_maps_that_show_us_who_we_are_not_just_where_we_are,1460077,TEDxExeter,2016-04-15
1065,danny_hillis_two_frontiers_of_cancer_treatment,428654,TEDMED 2010,2010-10-26
1066,dao_nguyen_what_makes_something_go_viral,883219,TEDNYC,2017-10-17
1070,dave_brain_what_a_planet_needs_to_sustain_life,1382623,TEDxBoulder,2015-09-19
1078,david_autor_why_are_there_still_so_many_jobs,1338145,TEDxCambridge,2016-09-29
1079,david_baron_you_owe_it_to_yourself_to_experience_a_total_solar_eclipse,1578415,TEDxMileHigh,2017-07-08
1080,david_birch_identity_without_a_name,177930,TEDxSussexUniversity,2012-04-27
1083,david_bolinsky_animates_a_cell,1850592,TED2007,2007-03-03
1084,david_brenner_a_new_weapon_in_the_fight_against_superbugs,703773,TED2017,2017-04-24
1087,david_burkus_why_you_should_know_how_much_your_coworkers_get_paid,1800727,TEDxUniversityofNevada,2016-01-23
1089,david_byrne_sings_nothing_but_flowers,635953,TED2010,2010-02-12
1090,david_camarillo_why_helmets_don_t_prevent_concussions_and_what_might,1244991,TEDxStanford,2016-04-24
1091,david_cameron,667026,TED2010,2010-02-10
1092,david_carson_on_design,794019,TED2003,2003-02-02
1093,david_casarett_a_doctor_s_case_for_medical_marijuana,1194064,TEDMED 2016,2016-11-30
1095,david_christian_big_history,7927515,TED2011,2011-03-04
1096,david_damberger_what_happens_when_an_ngo_admits_failure,226696,TEDxYYC,2011-04-01
1098,david_deutsch_on_our_place_in_the_cosmos,1125470,TEDGlobal 2005,2005-07-14
1106,david_hanson_robots_that_relate_to_you,924703,TED2009,2009-02-04
1107,david_hoffman_on_losing_everything,947749,TED2008,2008-02-02
1109,david_holt_plays_mountain_music,521705,TED2004,2004-03-01
1110,david_keith_s_surprising_ideas_on_climate_change,938032,TEDSalon 2007 Hot Science,2007-09-09
1112,david_kelley_on_human_centered_design,813133,TED2002,2002-02-02
1115,david_lee_why_jobs_of_the_future_won_t_feel_like_work,1456827,TED@UPS,2017-07-20
1117,david_macaulay_s_rome_antics,710564,TED2002,2002-02-02
1120,david_merrill_demos_siftables_the_smart_blocks,1773297,TED2009,2009-02-06
1121,david_miliband_the_refugee_crisis_is_a_test_of_our_character,1233040,TED2017,2017-04-24
1122,david_perry_on_videogames,1108350,TED2006,2006-02-02
1125,david_pogue_on_cool_phone_tricks,738912,EG 2008,2008-12-12
1128,david_puttnam_what_happens_when_the_media_s_priority_is_profit,881004,TEDxHousesOfParliament,2013-06-20
1130,david_r_williams_how_racism_makes_us_sick,1091134,TEDMED 2016,2016-11-30
1132,david_s_rose_on_pitching_to_vcs,1047869,TED2007,2007-03-01
1136,david_titley_how_the_military_fights_climate_change,770270,TED2017,2017-04-24
1137,david_whyte_a_lyrical_bridge_between_past_present_and_future,876944,TED2017,2017-04-24
1139,dean_kamen_on_inventing_and_giving,699762,TED2002,2002-02-02
1142,dean_ornish_on_healing,1158041,TED2004,2004-02-02
1143,dean_ornish_on_the_world_s_killer_diet,2357139,TED2006,2006-02-23
1146,debate_does_the_world_need_nuclear_energy,1327023,TED2010,2010-02-12
1147,deborah_gordon_digs_ants,966052,TED2003,2003-02-02
1149,deborah_lipstadt_behind_the_lies_of_holocaust_denial,1034167,TEDxSkoll,2017-04-07
1150,deborah_rhodes,906308,TEDWomen 2010,2010-12-08
1151,deborah_scranton_on_her_war_tapes,516095,TED2007,2007-03-03
1154,deep_ocean_mysteries_and_wonders,282981,TED-Ed,2012-03-12
1155,deepika_kurup_a_young_scientist_s_quest_for_clean_water,1011155,TEDWomen 2016,2016-10-26
1156,deeyah_khan_what_we_don_t_know_about_europe_s_muslim_kids,1260773,TEDxExeter,2016-04-15
1157,defend_our_freedom_to_share_or_why_sopa_is_a_bad_idea,1283564,TEDSalon NY2012,2012-01-17
1158,del_harvey_the_strangeness_of_scale_at_twitter,903191,TED2014,2014-03-12
1159,dena_simmons_how_students_of_color_confront_impostor_syndrome,1046472,TED Talks Live,2015-11-02
1163,dennis_hong_my_seven_species_of_robot,1955076,TEDxNASA,2009-09-10
1168,derek_sivers_weird_or_just_different,2941704,TEDIndia 2009,2009-11-06
1169,devdutt_pattanaik,1736554,TEDIndia 2009,2009-11-05
1170,devita_davison_how_urban_agriculture_is_transforming_detroit,695472,TED2017,2017-04-24
1171,diana_laufenberg_3_ways_to_teach,1938845,TEDxMidAtlantic,2010-11-05
1174,diane_j_savino_the_case_for_same_sex_marriage,294934,New York State Senate,2009-12-02
1178,diebedo_francis_kere_how_to_build_with_clay_and_community,918097,TEDCity2.0,2013-09-20
1182,don_norman_on_design_and_emotion,1299937,TED2003,2003-02-02
1184,don_tapscott_how_the_blockchain_is_changing_money_and_business,2703790,TEDSummit,2016-06-28
1191,douglas_adams_parrots_the_universe_and_everything,476066,University of California,2001-05-16
1196,duarte_geraldino_what_we_re_missing_in_the_debate_about_immigration,943380,TED Residency,2017-06-06
1200,e_o_wilson_on_saving_life_on_earth,1375612,TED2007,2007-03-08
1202,ed_boyden,948571,TED2011,2011-03-03
1203,ed_boyden_baby_diapers_inspired_this_new_way_to_study_the_brain,1291367,TEDSummit,2016-06-26
1207,eddi_reader_sings_about_what_you_ve_got,436095,TED2003,2003-02-02
1208,eddi_reader_sings_kiteflyer_s_hill,520277,TED2003,2003-02-02
1212,eduardo_briceno_how_to_get_better_at_the_things_you_care_about,2303320,TEDxManhattanBeach,2016-11-05
1215,edward_burtynsky_on_manufactured_landscapes,1015564,TED2005,2005-02-17
1219,edwidge_danticat_stories_of_haiti,51206,University of California,2004-10-13
1220,einstein_the_parrot_talks_and_squawks,2382703,TED2006,2006-02-02
1221,el_seed_a_project_of_peace_painted_across_50_buildings,838996,TEDSummit,2016-06-26
1225,elene_gabre_madhin_on_ethiopian_economics,589301,TEDGlobal 2007,2007-06-06
1227,eli_pariser_beware_online_filter_bubbles,4151286,TED2011,2011-03-03
1229,elif_shafak_the_revolutionary_power_of_diverse_thought,1363674,TEDGlobal>NYC,2017-09-20
1230,elise_roy_when_we_design_for_disability_we_all_benefit,1201406,TEDxMidAtlantic,2015-09-25
1231,elizabeth_blackburn_the_science_of_cells_that_never_get_old,1095018,TED2017,2017-04-24
1232,elizabeth_gilbert_on_genius,14032654,TED2009,2009-02-05
1234,elizabeth_lesser_say_your_truths_and_seek_them_in_others,1347803,TEDWomen 2016,2016-10-27
1238,elizabeth_loftus_the_fiction_of_memory,3489086,TEDGlobal 2013,2013-06-11
1239,elizabeth_murchison,489324,TEDGlobal 2011,2011-07-14
1242,elizabeth_wayne_we_can_hack_our_immune_cells_to_fight_cancer,1036406,TED2017,2017-04-24
1246,ellen_jorgensen_what_you_need_to_know_about_crispr,1493726,TEDSummit,2016-06-27
1249,elon_musk_the_future_we_re_building_and_boring,7906237,TED2017,2017-04-24
1252,elyn_saks_seeing_mental_illness,3367186,TEDGlobal 2012,2012-06-27
1257,emily_esfahani_smith_there_s_more_to_life_than_being_happy,3196919,TED2017,2017-04-24
1260,emily_parsons_lord_art_made_of_the_air_we_breathe,859018,TEDxYouth@Sydney,2016-05-24
1262,emma_marris_nature_is_everywhere_we_just_need_to_learn_to_see_it,1043112,TEDSummit,2016-06-26
1265,emtithal_mahmoud_a_young_poet_tells_the_story_of_darfur,888457,TEDMED 2016,2016-11-30
1266,enric_sala,321047,Mission Blue Voyage,2010-04-10
1269,eric_berlow_how_complexity_leads_to_simplicity,1176492,TEDGlobal 2010,2010-07-15
1272,eric_dyer_the_forgotten_art_of_the_zoetrope,851005,TEDxCharlottesville,2016-11-11
1273,eric_giler_demos_wireless_electricity,2106515,TEDGlobal 2009,2009-07-23
1274,eric_haseltine_what_will_be_the_next_big_scientific_breakthrough,1507408,TED Talks Live,2015-11-05
1275,eric_lewis_plays_chaos_and_harmony,394144,TED2009,2009-02-05
1276,eric_lewis_strikes_chords_to_rock_the_jazz_world,702770,TED2009,2009-02-06
1277,eric_liu_there_s_no_such_thing_as_not_voting,808668,TEDNYC,2016-09-07
1283,eric_whitacre_virtual_choir_live,1020042,TED2013,2013-03-01
1290,erika_gregory_the_world_doesn_t_need_more_nuclear_weapons,919134,TEDWomen 2016,2016-10-28
1291,erin_marie_saltman_how_young_people_join_violent_extremist_groups_and_how_to_stop_them,980100,TEDxGhent,2016-06-18
1293,erin_mckean_redefines_the_dictionary,1051498,TED2007,2007-03-03
1301,ethan_zuckerman,710762,TEDGlobal 2010,2010-07-14
1302,ethel_performs_blue_room,391085,TED2006,2006-02-02
1303,euna_lee_what_i_learned_as_a_prisoner_in_north_korea,1736178,TEDxIndianaUniversity,2016-10-29
1304,euvin_naidoo_on_investing_in_africa,358237,TEDGlobal 2007,2007-06-04
1305,eva_vertes_looks_to_the_future_of_medicine,1046073,TED2005,2005-02-26
1307,evan_grant_cymatics,829652,TEDGlobal 2009,2009-07-23
1308,evan_williams_on_listening_to_twitter_users,1149411,TED2009,2009-02-05
1309,eve_ensler,1364953,TEDWomen 2010,2010-12-04
1312,eve_ensler_on_security,1094416,TEDGlobal 2005,2005-07-07
1314,evgeny_morozov_is_the_internet_what_orwell_feared,435433,TEDGlobal 2009,2009-07-23
1315,ex_moonie_diane_benscoter_how_cults_think,1097520,TED2009,2009-02-06
1316,eythor_bender_demos_human_exoskeletons,1378462,TED2011,2011-03-02
1322,fawn_qiu_easy_diy_projects_for_kid_engineers,1085114,TED Residency,2016-07-12
2618,franco_sacchi_on_nollywood,226812,TEDGlobal 2007,2007-06-06
1330,francoise_mouly_the_stories_behind_the_new_yorker_s_iconic_covers,1015861,TEDNYC,2017-03-08
1332,frank_gehry_asks_then_what,972820,TED2002,2002-02-28
1334,frans_de_waal_do_animals_have_morals,3724565,TEDxPeachtree,2011-11-04
1336,frans_lanting_s_lyrical_nature_photos,1759692,TED2005,2005-02-02
1337,franz_freudenthal_a_new_way_to_heal_hearts_without_surgery,1263165,TED2016,2016-02-16
1345,g_t_bynum_a_republican_mayor_s_plan_to_replace_partisanship_with_policy,685504,TEDxPennsylvaniaAvenue,2017-02-09
1346,gabby_giffords_and_mark_kelly_be_passionate_be_courageous_be_your_best,1063850,TED2014,2014-03-21
1348,gabe_zichermann_how_games_make_kids_smarter,451735,TEDxKids@Brussels,2011-06-01
1350,gabriela_gonzalez_how_ligo_discovered_gravitational_waves_and_what_might_be_next,388747,TED2017,2017-04-24
1352,garik_israelian_what_s_inside_a_star,598301,TEDGlobal 2009,2009-07-23
1353,garrett_lisi_on_his_theory_of_everything,1523079,TED2008,2008-02-02
1354,garry_kasparov_don_t_fear_intelligent_machines_work_with_them,1238595,TED2017,2017-04-24
1355,garth_lenz_images_of_beauty_and_devastation,802860,TEDxVictoria,2011-11-19
1359,gary_kovacs_tracking_the_trackers,2121925,TED2012,2012-02-29
1362,gary_vaynerchuk_do_what_you_love_no_excuses,778975,Web 2.0 Expo 2008,2008-09-19
1364,gautam_bhan_a_bold_plan_to_house_100_million_people,233188,TED Talks India,2017-12-10
1371,gel_gotta_share,359961,Gel Conference,2011-04-28
1377,george_ayittey_on_cheetahs_vs_hippos,665493,TEDGlobal 2007,2007-06-05
1379,george_dyson_on_project_orion,793731,TED2002,2002-02-02
1384,george_tulevski_the_next_step_in_nanotechnology,1330988,TED@IBM,2016-11-15
1389,gerard_ryle_how_the_panama_papers_journalists_broke_the_biggest_leak_in_history,1017396,TEDSummit,2016-06-26
1390,gero_miesenboeck,620220,TEDGlobal 2010,2010-07-16
1391,gever_tulley_on_5_dangerous_things_for_kids,4467972,TED2007,2007-03-03
1392,gever_tulley_s_tinkering_school_in_action,1167029,TED2009,2009-02-06
1394,giles_duley_when_a_reporter_becomes_the_story,153585,TEDxObserver,2012-03-10
1395,gill_hicks_i_survived_a_terrorist_attack_here_s_what_i_learned,840740,TEDxSydney,2016-05-24
1396,giorgia_lupi_how_we_can_find_ourselves_in_data,1133833,TEDNYC,2017-03-08
1397,giulia_enders_the_surprisingly_charming_science_of_our_gut,1560602,TEDxDanubia,2017-05-04
1400,golan_levin_ted2009,776731,TED2009,2009-02-20
1401,gonzalo_vilarino_how_argentina_s_blind_soccer_team_became_champions,460585,TEDxRiodelaPlata,2015-09-24
1402,gordon_brown,826344,TEDGlobal 2009,2009-07-21
1404,grace_kim_how_cohousing_can_make_us_happier_and_live_longer,1656186,TED2017,2017-04-24
1405,grady_booch_don_t_fear_superintelligence,1451877,TED@IBM,2016-11-15
1408,graham_hill_weekday_vegetarian,2211339,TED2010,2010-02-10
1410,greg_gage_electrical_experiments_with_plants_that_count_and_communicate,1326543,TED2017,2017-04-24
1412,greg_lynn_on_organic_design,359412,TED2005,2005-02-02
1418,gretchen_carlson_david_brooks_political_common_ground_in_a_polarized_united_states,946628,TED Dialogues,2017-03-01
1419,gretchen_carlson_how_we_can_end_sexual_harassment_at_work,1075757,TEDWomen 2017,2017-11-01
1421,gus_casely_hayford_the_powerful_stories_that_shaped_africa,985095,TEDGlobal 2017,2017-08-27
1424,guy_winch_the_case_for_emotional_hygiene,5351772,TEDxLinnaeusUniversity,2014-11-07
1425,haas_hahn_how_painting_can_transform_communities,1703135,TEDGlobal 2014,2014-10-08
1428,halla_tomasdottir,600754,TEDWomen 2010,2010-12-08
1429,halla_tomasdottir_it_s_time_for_women_to_run_for_office,900445,TEDWomen 2016,2016-10-28
1431,handpring_puppet_co_the_genius_puppetry_behind_war_horse,1559314,TED2011,2011-03-01
1434,hannah_fry_is_life_really_that_complex,377051,TEDxUCL,2012-06-03
1439,hans_rosling_at_state,1507205,TED@State,2009-06-04
1440,hans_rosling_on_global_population_growth,3035554,TED@Cannes,2010-06-21
1444,hans_rosling_the_good_news_of_the_decade,750141,TEDxChange,2010-09-20
1445,hans_rosling_the_truth_about_hiv,928991,TED2009,2009-02-06
1446,harald_haas_a_breakthrough_new_kind_of_wireless_internet,2005141,TEDGlobal>London,2015-09-29
1451,harsha_bhogle_the_rise_of_cricket_the_rise_of_india,587870,TEDIndia 2009,2009-11-11
1453,hasan_elahi,830366,TEDGlobal 2011,2011-07-14
1456,heather_knight_silicon_based_comedy,773907,TEDWomen 2010,2010-12-08
1457,hector_garcia_we_train_soldiers_for_war_let_s_train_them_to_come_home_too,1011308,TED Talks Live,2015-11-04
1458,hector_ruiz_on_connecting_the_world,317454,TEDGlobal 2007,2007-06-06
1460,helen_czerski_fun_home_experiments_that_teach_you_physics,1276825,TEDxManchester,2017-02-19
1462,helen_fisher_technology_hasn_t_changed_love_here_s_why,1655583,TEDSummit,2016-06-27
1463,helen_fisher_tells_us_why_we_love_cheat,9576847,TED2006,2006-02-24
1464,helen_pearson_lessons_from_the_longest_study_on_human_development,1536639,TED2017,2017-04-24
1468,henry_markram_supercomputing_the_brain_s_secrets,1208641,TEDGlobal 2009,2009-07-23
1469,herbie_hancock_s_all_star_set,664749,TED2009,2009-02-06
1475,hod_lipson_builds_self_aware_robots,1225661,TED2007,2007-03-06
1479,how_much_does_a_video_weigh,199390,TED-Ed,2013-02-28
1480,how_simple_ideas_lead_to_scientific_discoveries,887582,TED-Ed,2011-11-02
1481,howard_rheingold_on_collaboration,964095,TED2005,2005-02-02
1482,huang_yi_kuka_a_human_robot_dance_duet,325664,TED2017,2017-04-24
1487,iain_hutchison_saving_faces,624312,TEDGlobal 2010,2010-07-14
1488,iain_mcgilchrist_the_divided_brain,657851,RSA Animate,2011-10-21
1489,ian_bremmer_how_the_us_should_use_its_superpower_status,870695,TEDxNewYork,2016-09-10
1494,imam_feisal_abdul_rauf,449235,TEDSalon 2009 Compassion,2009-10-14
1495,imogen_heap_wait,901144,TEDGlobal 2009,2009-07-22
1496,inara_george_sings_family_tree,222734,TEDxGreatPacificGarbagePatch,2010-11-06
1497,ines_hercovich_why_women_stay_silent_after_sexual_assault,344029,TEDxRiodelaPlata,2015-09-24
1499,ingrid_betancourt_what_six_years_in_captivity_taught_me_about_fear_and_faith,655988,TED2017,2017-04-24
1501,ione_wells_how_we_talk_about_sexual_assault_online,1060417,TEDSummit,2016-06-30
1502,iqbal_quadir_says_mobiles_fight_poverty,515454,TEDGlobal 2005,2005-07-13
1503,irwin_redlener_warns_of_nuclear_terrorism,687455,TED2008,2008-02-29
1504,isaac_lidsky_what_reality_are_you_creating_for_yourself,2669276,TEDSummit,2016-06-26
1510,israel_and_iran_a_love_story,2046571,TEDxJaffa 2012,2012-09-06
1516,iyad_rahwan_what_moral_decisions_should_driverless_cars_make,928879,TEDxCambridge,2016-09-29
1517,j_d_vance_america_s_forgotten_working_class,1121471,TEDNYC,2016-09-07
1523,jack_conte_how_artists_can_finally_get_paid_in_the_digital_age,1000287,TED2017,2017-04-24
1525,jack_horner_shape_shifting_dinosaurs,1096603,TEDxVancouver,2011-11-11
1526,jackie_savitz_save_the_oceans_feed_the_world,1195311,TEDxMidAtlantic 2013,2013-10-25
1527,jackie_tabick,182132,TEDSalon 2009 Compassion,2009-10-01
1528,jackson_bird_how_to_talk_and_listen_to_transgender_people,948203,TED Residency,2017-06-06
1529,jackson_browne_if_i_could_be_anywhere,664940,TEDxGreatPacificGarbagePatch,2010-11-04
1533,jacqueline_novogratz_invests_in_ending_poverty,733320,TEDGlobal 2005,2005-07-01
1536,jae_rhim_lee,1445817,TEDGlobal 2011,2011-07-14
1540,jakob_trollback_rethinks_the_music_video,485453,TED2007,2007-03-03
1541,jamais_cascio_looks_ahead,215150,TED2006,2006-02-02
1545,james_beacham_how_we_explore_unanswered_questions_in_physics,1457388,TEDxBerlin,2016-09-04
1546,james_burchfield_plays_invisible_turntables,802563,TED2003,2003-02-02
1549,james_forbes,211229,Chautauqua Institution,2009-10-01
1551,james_green_3_moons_and_a_planet_that_could_have_alien_life,1523045,TED Talks Live,2015-11-06
1553,james_howard_kunstler_dissects_suburbia,1718496,TED2004,2004-02-02
1555,james_nachtwey_fights_xdrtb,426586,TED Prize Wish,2008-10-03
1556,james_nachtwey_s_searing_pictures_of_war,1296096,TED2007,2007-03-08
1558,james_randi,2704667,TED2007,2007-02-02
1559,james_stavridis_how_nato_s_supreme_commander_thinks_about_global_security,726768,TEDGlobal 2012,2012-06-26
1560,james_surowiecki_on_the_turning_point_for_social_media,440768,TED2005,2005-02-02
1561,james_veitch_the_agony_of_trying_to_unsubscribe,7998600,TEDSummit,2016-06-29
1565,jamie_drummond_how_to_set_goals_for_the_world,519265,TEDGlobal 2012,2012-06-27
1567,jamie_oliver,7863886,TED2010,2010-02-20
1570,jamila_raqib_the_secret_to_effective_nonviolent_resistance,900887,TED Talks Live,2015-11-04
1571,jan_chipchase_on_our_mobile_phones,706608,TED2007,2007-03-03
1575,jane_goodall_at_tedglobal_07,617578,TEDGlobal 2007,2007-06-06
1578,jane_mcgonigal_massively_multi_player_thumb_wrestling,1165779,TEDGlobal 2013,2013-06-11
1581,janet_echelman,1885174,TED2011,2011-03-03
1585,janine_benyus_shares_nature_s_designs,1959274,TED2005,2005-02-24
1590,jared_diamond_on_why_societies_collapse,1756444,TED2003,2003-02-28
1601,jay_silver_hack_a_banana_make_a_keyboard,1338589,TEDSalon NY2013,2013-04-24
1604,jd_schramm,1649147,TEDActive 2011,2011-03-03
1607,jeanne_gang_buildings_that_blend_nature_and_city,1112627,TEDWomen 2016,2016-10-26
1610,jeff_bezos_gifts_vs_choices,688762,Princeton University,2010-05-15
1611,jeff_bezos_on_the_next_web_innovation,875056,TED2003,2003-02-02
1612,jeff_han_demos_his_breakthrough_touchscreen,4567099,TED2006,2006-02-06
1613,jeff_hancock_3_types_of_digital_lies,1218129,TEDxWinnipeg,2012-09-13
1616,jeff_kirschner_this_app_makes_it_fun_to_pick_up_litter,1114408,TED Residency,2016-12-13
1617,jeff_skoll_makes_movies_that_make_change,741194,TED2007,2007-03-03
1619,jeff_speck_4_ways_to_make_a_city_more_walkable,1473351,TEDxMidAtlantic,2013-10-25
1620,jeff_speck_the_walkable_city,1072151,TEDCity2.0,2013-09-20
1622,jeffrey_kluger_the_sibling_bond,454859,TEDxAsheville,2011-11-13
1624,jen_brea_what_happens_when_you_have_a_disease_doctors_can_t_diagnose,1586128,TEDSummit,2016-06-27
1628,jennifer_doudna_we_can_now_edit_our_dna_but_let_s_do_it_wisely,2069007,TEDGlobal>London,2015-09-29
1631,jennifer_granick_how_the_us_government_spies_on_people_who_protest_including_you,1058252,TEDxStanford,2017-04-23
1634,jennifer_lin_improvs_piano_magic,1659199,TED2004,2004-02-26
1636,jennifer_pluznick_you_smell_with_your_body_not_just_your_nose,1384351,TEDMED 2016,2016-11-30
1638,jer_thorp_make_data_more_human,224977,TEDxVancouver,2011-11-12
1642,jeremy_jackson,642402,Mission Blue Voyage,2010-04-09
1644,jeremy_rifkin_on_the_empathic_civilization,550473,RSA Animate,2010-08-19
1645,jessa_gamble_how_to_sleep,2315856,TEDGlobal 2010,2010-07-15
1646,jesse_schell_when_games_invade_real_life,451403,DICE Summit 2010,2010-02-18
1649,jessica_green_good_germs_make_healthy_buildings,966449,TED2013,2013-02-25
1652,jessica_shortall_how_america_fails_new_parents_and_their_babies,1416871,TEDxSMU,2015-10-17
1654,jia_jiang_what_i_learned_from_100_days_of_rejection,3822422,TEDxMtHood,2015-05-02
1657,jill_heinerth_the_mysterious_world_of_underwater_caves,1513483,TEDYouth 2015,2015-11-14
1658,jill_shargaa_please_please_people_let_s_put_the_awe_back_in_awesome,1510043,TED@NYC,2014-07-09
1659,jill_sobule_sings_to_al_gore,607664,TED2006,2006-02-26
1663,jim_hemerling_5_ways_to_lead_in_an_era_of_constant_change,1948366,TED@BCG Paris,2016-05-18
1667,jim_yong_kim_doesn_t_everyone_deserve_a_chance_at_a_good_life,1523507,TED2017,2017-04-24
1669,jimmy_lin_a_simple_new_blood_test_that_can_catch_cancer_early,1221802,TED2017,2017-04-24
1672,jinha_lee_a_tool_that_lets_you_touch_pixels,1795957,TED2013,2013-02-27
1674,jk_rowling_the_fringe_benefits_of_failure,1431151,Harvard University,2008-06-05
1675,joachim_de_posada_says_don_t_eat_the_marshmallow_yet,2746134,TED2009,2009-02-05
1676,joan_blades_and_john_gable_free_yourself_from_your_filter_bubbles,798499,TEDWomen 2017,2017-11-02
1677,joan_halifax,1493894,TEDWomen 2010,2010-12-03
1678,joann_kuchera_morin_tours_the_allosphere,641879,TED2009,2009-02-05
1681,joe_derisi_hunts_the_next_killer_virus,408177,TED2006,2006-02-02
1686,joe_lassiter_we_need_nuclear_power_to_solve_climate_change,1095064,TEDSummit,2016-06-28
1687,joe_madiath_better_toilets_better_life,988909,TEDGlobal 2014,2014-10-21
1690,joel_burns_tells_gay_teens_it_gets_better,283189,Fort Worth City Council,2010-10-12
1691,joel_levine,633056,TEDxNASA,2009-11-20
1693,joey_alexander_an_11_year_old_prodigy_performs_old_school_jazz,2214229,TED2015,2015-03-25
1695,johann_hari_everything_you_think_you_know_about_addiction_is_wrong,8495048,TEDGlobalLondon,2015-06-16
1701,john_francis_walks_the_earth,752615,TED2008,2008-02-02
1707,john_hodgman_design_explained,1141596,TED2012,2012-03-01
1708,john_hodgman_s_brief_digression,1978379,TED2008,2008-02-02
1710,john_kasaona_from_poachers_to_caretakers,334932,TED2010,2010-02-10
1711,john_koenig_beautiful_new_words_to_describe_obscure_emotions,1448967,TEDxBerkeley,2016-02-06
1712,john_la_grou_plugs_smart_power_outlets_1,615848,TED2009,2009-02-06
1713,john_legend_redemption_song,1601951,TED2016,2016-02-15
1715,john_lloyd_inventories_the_invisible,1165355,TEDGlobal 2009,2009-07-23
1717,john_maeda_on_design,247048,Serious Play 2008,2008-05-05
1718,john_maeda_on_the_simple_life,1256887,TED2007,2007-03-03
1719,john_mcwhorter_4_reasons_to_learn_a_new_language,2356504,TED2016,2016-02-16
1722,john_underkoffler_drive_3d_data_with_a_gesture,1522819,TED2010,2010-02-11
1723,john_walker_re_creates_great_performances,334312,EG 2007,2007-12-12
1726,johnny_lee_demos_wii_remote_hacks,5524498,TED2008,2008-02-28
1729,jon_boogz_and_lil_buck_a_dance_to_honor_mother_earth,232796,TED2017,2017-04-24
1730,jon_bowers_we_should_aim_for_perfection_and_stop_fearing_failure,1183539,TED@UPS,2017-07-20
1732,jon_mooallem_the_strange_story_of_the_teddy_bear_and_what_it_reveals_about_our_relationship_to_animals,1108959,TED2014,2014-03-19
1744,jonathan_haidt_can_a_divided_america_heal,1584730,TEDNYC,2016-11-02
1746,jonathan_haidt_humanity_s_stairway_to_self_transcendence,1149040,TED2012,2012-02-29
1747,jonathan_haidt_on_the_moral_mind,2849131,TED2008,2008-03-01
1748,jonathan_harris_collects_stories,862371,TED2007,2007-12-12
1751,jonathan_marks_in_praise_of_conflict,1186390,TEDxPSU,2017-02-12
1752,jonathan_rossiter_a_robot_that_eats_pollution,1167560,TEDxWarwick,2016-03-05
1753,jonathan_tepperman_the_risky_politics_of_progress,954750,TEDSummit,2016-06-29
1756,jorge_drexler_poetry_music_and_identity,762774,TED2017,2017-04-24
1757,jorge_ramos_why_journalists_have_an_obligation_to_challenge_power,439546,TED2017,2017-04-24
1759,jose_abreu_on_kids_transformed_by_music,958146,TED2009,2009-02-05
1760,jose_bowen_beethoven_the_businessman,120142,TEDxSMU,2011-12-03
1766,joseph_ravenell_how_barbershops_can_keep_men_healthy,1037362,TED2016,2016-02-16
1767,joseph_redmon_how_a_computer_learns_to_recognize_objects_instantly,1466221,TED2017,2017-04-24
1776,joshua_prince_ramus_on_seattle_s_library,1000120,TED2006,2006-02-23
1777,joshua_smith_new_nanotech_to_catch_cancer_early,941592,TED@IBM,2016-11-15
1779,joy_buolamwini_how_i_m_fighting_bias_in_algorithms,926925,TEDxBeaconStreet,2016-11-19
1784,juan_enriquez_how_to_think_about_digital_tattoos,1596677,TED2013,2013-02-26
1785,juan_enriquez_on_genomics_and_our_future,707593,TED2003,2003-02-02
1786,juan_enriquez_shares_mindboggling_new_science,2981454,TED2009,2009-02-04
1787,juan_enriquez_wants_to_grow_energy,960159,TEDSalon 2007 Hot Science,2007-09-09
1789,juan_enriquez_what_will_humans_look_like_in_100_years,2689742,TEDSummit,2016-06-26
1791,jude_kelly_why_women_should_tell_the_stories_of_humanity,1133167,TEDWomen 2016,2016-10-26
1794,julia_bacha,754576,TEDGlobal 2011,2011-07-13
1795,julia_bacha_how_women_wage_conflict_without_violence,825115,TEDSummit,2016-06-29
1796,julia_galef_why_you_think_you_re_right_even_if_you_re_wrong,3310591,TEDxPSU,2016-02-28
1797,julia_sweeney_has_the_talk,3418482,TED2010,2010-02-12
1806,juliana_machado_ferreira,326963,TED2010,2010-02-02
1809,julie_lythcott_haims_how_to_raise_successful_kids_without_over_parenting,2878327,TED Talks Live,2015-11-01
1811,julio_gil_future_tech_will_give_you_the_benefits_of_city_life_anywhere,1117780,TED@UPS,2017-07-20
1812,jun_wang_how_digital_dna_could_help_you_make_better_health_choices,1062123,TED2017,2017-04-24
496,juno_mac_the_laws_that_sex_workers_really_want,1870461,TEDxEastEnd,2016-01-30
1813,just_how_small_is_an_atom,443945,TED-Ed,2012-04-25
1814,justin_baldoni_why_i_m_done_trying_to_be_man_enough,1740041,TEDWomen 2017,2017-11-01
1815,justin_davidson_why_shiny_glass_towers_are_bad_for_city_life,1306411,TEDNYC,2017-03-08
1819,kaki_king_a_musical_escape_into_a_world_of_light_and_color,1387837,TEDWomen 2015,2015-05-27
1820,kaki_king_rocks_out_to_pink_noise,1070070,TED2008,2008-03-01
1822,kamau_gachigi_success_stories_from_kenya_s_first_makerspace,691713,TEDGlobal 2017,2017-08-27
1823,kandice_sumner_how_america_s_public_schools_keep_kids_in_poverty,1238384,TEDxBeaconStreet,2015-11-14
1831,karim_abouelnaga_a_summer_school_kids_actually_want_to_attend,1071633,TED2017,2017-04-24
1832,karima_bennoune_the_side_of_terrorism_that_doesn_t_make_headlines,1441178,TEDxExeter,2014-03-24
1833,karina_galperin_why_don_t_we_write_words_the_way_pronounce_them,492971,TEDxRiodelaPlata,2015-09-24
1834,karoliina_korppoo_how_a_video_game_might_help_us_build_better_cities,1196853,TED2017,2017-04-24
1837,kary_mullis_on_what_scientists_do,540106,TED2002,2002-02-02
1838,kate_adams_4_larger_than_life_lessons_from_soap_operas,1448335,TED@UPS,2016-09-15
1840,kate_marvel_can_clouds_buy_us_more_time_to_solve_climate_change,1091395,TED2017,2017-04-24
1841,kate_orff_oysters_as_architecture,325519,TEDWomen 2010,2010-12-08
1842,kate_stafford_how_human_noise_affects_ocean_habitats,1088537,TEDxCERN,2016-11-05
1845,katherine_kuchenbecker_the_technology_of_touch,277160,TEDYouth 2012,2012-11-17
1846,kathryn_schulz_don_t_regret_regret,1852330,TEDSalon NY2011,2011-11-09
1848,kathy_hull_stories_from_a_home_for_terminally_ill_children,935818,TEDWomen 2016,2016-10-26
1849,katie_bouman_what_does_a_black_hole_look_like,1621932,TEDxBeaconStreet,2016-11-19
1850,katie_hinde_what_we_don_t_know_about_mother_s_milk,1168464,TEDWomen 2016,2016-10-26
1851,katrina_spade_when_i_die_recompose_me,1146044,TEDxOrcasIsland,2016-03-05
1853,kayla_briet_why_do_i_make_art_to_build_time_capsules_for_my_heritage,693087,TED2017,2017-04-24
1858,keith_nolan_deaf_in_the_military,125279,TEDxIslay,2011-04-23
1860,keller_rinaudo_how_we_re_using_drones_to_deliver_blood_and_save_lives,776071,TEDGlobal 2017,2017-08-27
1861,kelli_anderson_design_to_challenge_reality,310299,TEDxPhoenix,2011-11-11
1862,kelli_jean_drinkwater_enough_with_the_fear_of_fat,1653892,TEDxSydney,2016-05-24
1868,ken_robinson_changing_education_paradigms,1902520,RSA Animate,2010-10-14
1870,ken_robinson_says_schools_kill_creativity,49211088,TED2006,2006-02-25
1871,kenichi_ebina_s_magic_moves,1740166,TED2007,2007-03-03
1876,keolu_fox_why_genetic_research_must_be_more_diverse,835260,TED2016,2016-02-15
1879,kevin_b_jones_why_curiosity_is_the_key_to_science_and_medicine,911991,TEDxSaltLakeCity,2015-09-19
1883,kevin_kelly_how_ai_can_bring_on_a_second_industrial_revolution,1469043,TEDSummit,2016-06-29
1890,kevin_surace_fixing_drywall_to_heal_the_planet,357758,TED2009,2009-02-06
1893,kid_president_i_think_we_all_need_a_pep_talk,847291,SoulPancake,2013-01-24
1895,kimberle_crenshaw_the_urgency_of_intersectionality,937858,TEDWomen 2016,2016-10-27
1897,kio_stark_why_you_should_talk_to_strangers,2716736,TED2016,2016-02-16
1902,kirk_sorensen_thorium_an_alternative_nuclear_fuel,397105,TEDxYYC,2011-04-01
1904,kitra_cahana_stories_of_the_homeless_and_hidden,1480921,TED2014,2014-03-17
1905,klaus_stadlmann_the_world_s_smallest_3d_printer,276355,TEDxVienna,2011-10-04
1909,kristen_ashburn_s_heart_rending_pictures_of_aids,365691,TED2003,2003-02-28
1911,kristen_marhaver_why_i_still_have_hope_for_coral_reefs,1153604,TED2017,2017-04-24
1912,kristin_poinar_what_s_hidden_under_the_greenland_ice_sheet,1307733,TED2017,2017-04-24
1916,lakshmi_pratury_on_letter_writing,557471,TED2007,2007-03-03
1917,lalitesh_katragadda_making_maps_to_fight_disaster_build_economies,364376,TEDIndia 2009,2009-11-09
1918,laolu_senbanjo_the_sacred_art_of_the_ori,834562,TED2017,2017-04-24
1919,lara_setrakian_3_ways_to_fix_a_broken_news_industry,1033402,TEDNYC,2017-01-26
1921,larry_brilliant_wants_to_stop_pandemics,712119,TED2006,2006-02-23
1922,larry_lessig_says_the_law_is_strangling_creativity,1919868,TED2007,2007-03-03
1923,larry_page_where_s_google_going_next,2370273,TED2014,2014-03-20
1929,laura_boushnak_the_deadly_legacy_of_cluster_bombs,659073,TEDSummit,2016-06-27
1931,laura_galante_how_to_exploit_democracy,1269464,TED2017,2017-04-24
1932,laura_indolfi_good_news_in_the_fight_against_pancreatic_cancer,1217845,TED2016,2016-02-15
1937,laura_vanderkam_how_to_gain_control_of_your_free_time,5489077,TEDWomen 2016,2016-10-27
1939,lauren_sallan_how_to_win_at_evolution_and_survive_a_mass_extinction,877907,TED2017,2017-04-24
1940,lauren_zalaznick,667303,TEDWomen 2010,2010-12-03
1942,laurie_santos,1260133,TEDGlobal 2010,2010-07-16
1946,leah_chase_and_pat_mitchell_an_interview_with_the_queen_of_creole_cuisine,768359,TEDWomen 2017,2017-11-01
1953,leila_hoteit_3_lessons_on_success_from_an_arab_businesswoman,1948281,TED@BCG Paris,2016-05-18
1956,lennart_green_does_close_up_card_magic,4325322,TED2005,2005-02-02
1960,leslie_dodson_don_t_misrepresent_africa,123579,TEDxBoulder 2011,2011-09-24
1963,lessig_nyed,392962,TEDxNYED,2010-04-10
1964,levon_biss_mind_blowing_magnified_portraits_of_insects,959300,TED2017,2017-04-24
1965,lewis_pugh_s_mind_shifting_mt_everest_swim,1042505,TEDGlobal 2010,2010-07-15
1966,lewis_pugh_swims_the_north_pole,700269,TEDGlobal 2009,2009-09-09
1970,lidia_yuknavitch_the_beauty_of_being_a_misfit,2319525,TED2016,2016-02-18
1971,lies_damned_lies_and_statistics_about_tedtalks,2246411,TED2010,2010-02-10
1977,lisa_dyson_a_forgotten_space_age_technology_could_change_how_we_grow_food,1278961,TED@BCG Paris,2016-05-18
1979,lisa_genova_what_you_can_do_to_prevent_alzheimer_s,2580112,TED2017,2017-04-24
1981,lisa_kristine_glimpses_of_modern_day_slavery,2632903,TEDxMaui,2012-01-22
1986,liz_diller_a_giant_bubble_for_debate,666427,TED2012,2012-03-01
1987,liz_diller_plays_with_architecture,611658,EG 2007,2007-12-12
1988,liz_hajek_what_rivers_can_tell_us_about_the_earth_s_history,1242206,TEDxPSU,2014-03-02
1990,lloyd_pendleton_the_housing_first_approach_to_homelessness,757570,TEDMED 2016,2016-11-30
1995,louie_schwartzberg_nature_beauty_gratitude,3746606,TEDxSF,2011-06-11
1997,louise_fresco_on_feeding_the_whole_world,940788,TED2009,2009-02-05
1998,louise_leakey_digs_for_humanity_s_origins,676032,TED2008,2008-02-02
2002,lucianne_walkowicz_look_up_for_a_change,179288,TEDxPhoenix,2011-11-11
2004,lucy_kalanithi_what_makes_life_worth_living_in_the_face_of_death,1739526,TEDMED 2016,2016-11-30
2009,luma_mufleh_don_t_feel_sorry_for_refugees_believe_in_them,1505958,TED2017,2017-04-24
2010,luvvie_ajayi_get_comfortable_with_being_uncomfortable,1361334,TEDWomen 2017,2017-11-01
2011,lux_narayan_what_i_learned_from_2_000_obituaries,1472408,TEDNYC,2017-01-26
2022,majora_carter_s_tale_of_urban_renewal,1825238,TED2006,2006-02-26
2023,malcolm_gladwell,1094647,TEDGlobal 2011,2011-07-14
2024,malcolm_gladwell_on_spaghetti_sauce,7171549,TED2004,2004-02-26
2026,malcolm_london_high_school_training_ground,1228917,TED Talks Education,2013-05-07
2027,malcolm_mclaren_authentic_creativity_vs_karaoke_culture,252358,Handheld Learning,2009-10-06
2028,mallika_sarabhai,490867,TEDIndia 2009,2009-11-04
2029,mallory_soldner_your_company_s_data_could_end_world_hunger,986348,TED@UPS,2016-09-15
2031,mandy_len_catron_a_better_way_to_talk_about_love,1923636,TEDxSFU,2015-11-15
2033,manoush_zomorodi_how_boredom_can_lead_to_your_most_brilliant_ideas,1566809,TED2017,2017-04-24
2035,manu_prakash_lifesaving_scientific_tools_made_of_paper,1226258,TED2017,2017-04-24
2037,manwar_ali_inside_the_mind_of_a_former_radical_jihadist,1877008,TEDxExeter,2016-04-15
2040,marc_koska_the_devastating_toll_of_syringe_reuse,634867,TEDGlobal 2009,2009-07-24
2043,marc_raibert_meet_spot_the_robot_dog_that_can_run_hop_and_open_doors,2195045,TED2017,2017-04-24
2045,marcin_jakubowski,1506506,TED2011,2011-03-01
2049,marco_tempest_maybe_the_best_robot_demo_ever,2003269,TED2014,2014-03-20
2050,marco_tempest_the_augmented_reality_of_techno_magic,1054676,TEDGlobal 2011,2011-07-13
2054,marcus_du_sautoy_symmetry_reality_s_riddle,1026685,TEDGlobal 2009,2009-07-24
2055,margaret_bourdeaux_why_civilians_suffer_more_once_a_war_is_over,908207,TEDxBeaconStreet,2015-11-14
2061,margaret_wertheim_crochets_the_coral_reef,1307298,TED2009,2009-02-06
2062,margrethe_vestager_the_new_age_of_corporate_monopolies,1124870,TEDGlobal>NYC,2017-09-20
2065,mariana_mazzucato_government_investor_risk_taker_innovator,833684,TEDGlobal 2013,2013-06-26
2066,mariano_sigman_and_dan_ariely_how_can_groups_make_good_decisions,986996,TED Studio,2017-04-24
2067,mariano_sigman_your_words_may_predict_your_future_mental_health,2390676,TED2016,2016-02-18
2069,marisa_fick_jordan_shares_the_wonder_of_zulu_wire_art,300707,TEDGlobal 2007,2007-06-06
2077,mark_raymond_victims_of_the_city,143621,TEDxPortofSpain,2011-11-11
2079,mark_roth_suspended_animation,712217,TED2010,2010-02-02
2084,marlon_peterson_am_i_not_human_a_call_for_criminal_justice_reform,1075301,TED Residency,2016-12-13
2085,martin_ford_how_we_ll_earn_money_in_a_future_without_jobs,1574474,TED2017,2017-04-24
2091,martin_reeves_how_to_build_a_business_that_lasts_100_years,1786378,TED@BCG Paris,2016-05-18
2092,martin_seligman_on_the_state_of_psychology,4336927,TED2004,2004-02-02
2094,martina_flor_the_secret_language_of_letter_design,292823,TEDxRiodelaPlata,2016-10-22
2097,marwa_al_sabouni_how_syria_s_architecture_laid_the_foundation_for_brutal_war,905981,TEDSummit,2016-06-26
2106,mathieu_lehanneur_demos_science_inspired_design,435804,TEDGlobal 2009,2009-07-23
2107,matilda_ho_the_future_of_good_food_in_china,914443,TED2017,2017-04-24
2109,matt_kenyon_how_i_snuck_a_memorial_for_iraqi_civilians_into_the_us_government,835688,TED2015,2015-03-17
2113,matt_weinstein_what_bernie_madoff_couldn_t_steal_from_me,151724,AORN Congress,2009-03-14
2115,matthew_childs_9_rules_of_rock_climbing,755602,TED2009,2009-02-05
2116,matthew_o_reilly_am_i_dying_the_honest_answer,1977741,TED@NYC,2014-07-08
2117,matthew_white_gives_the_euphonium_a_new_voice,790680,TEDGlobal 2009,2009-07-23
2121,maurice_conti_the_incredible_inventions_of_intuitive_ai,3245773,TEDxPortland,2016-04-09
2125,maya_beiser_s_and_her_cello_s,936697,TED2011,2011-03-02
2126,maya_penn_meet_a_young_entrepreneur_cartoonist_designer_activist,1488565,TEDWomen 2013,2013-12-05
2129,maz_jobrani_make_jokes_not_bombs,4821299,TEDGlobal 2010,2010-07-16
2136,megan_phelps_roper_i_grew_up_in_the_westboro_baptist_church_here_s_why_i_left,5158284,TEDNYC,2017-02-15
2138,mehdi_ordikhani_seyedlar_what_happens_in_your_brain_when_you_pay_attention,2181371,TED2017,2017-04-24
2139,mei_lin_neo_the_fascinating_secret_lives_of_giant_clams,987570,TED2017,2017-04-24
2145,melissa_fleming_let_s_help_refugees_thrive_not_just_survive,1150251,TEDGlobal 2014,2014-10-08
2146,melissa_garren_the_sea_we_ve_hardly_seen,175026,TEDxMonterey,2012-04-18
2148,melissa_walker_art_can_heal_ptsd_s_invisible_wounds,856610,TEDMED 2015,2015-11-18
2149,mellody_hobson_color_blind_or_color_brave,2280664,TED2014,2014-03-20
2152,mena_trott_tours_her_blog_world,526733,TED2006,2006-02-23
2627,mia_nacamulli_the_benefits_of_a_bilingual_brain,0,TED-Ed,2015-06-23
2157,michael_bierut_how_to_design_a_library_that_makes_kids_want_to_read,1499351,TEDNYC,2017-03-08
2158,michael_bodekaer_this_virtual_lab_will_revolutionize_science_class,1182442,TEDxCERN,2015-10-09
2159,michael_botticelli_addiction_is_a_disease_we_should_treat_it_like_one,1334520,TEDxMidAtlantic,2016-10-21
2161,michael_green_how_we_can_make_the_world_a_better_place_by_2030,1209320,TEDGlobal>London,2015-09-29
2167,michael_merzenich_on_the_elastic_brain,1269731,TED2004,2004-02-28
2170,michael_moschen_juggles_rhythm_and_motion,953484,TED2002,2002-03-03
2171,michael_murphy_architecture_that_s_built_to_heal,1231084,TED2016,2016-02-17
2172,michael_nielsen_open_science_now,141300,TEDxWaterloo,2011-03-03
2174,michael_patrick_lynch_how_to_see_past_your_own_perspective_and_find_truth,1450432,TED2017,2017-04-24
2177,michael_porter_why_business_can_be_good_at_solving_social_problems,1638523,TEDGlobal 2013,2013-06-14
2178,michael_pritchard_invents_a_water_filter,3677311,TEDGlobal 2009,2009-07-22
2181,michael_sandel_what_s_the_right_thing_to_do,402723,Justice with Michael Sandel,2005-09-01
2183,michael_shellenberger_how_fear_of_nuclear_power_is_hurting_the_environment,1226913,TEDSummit,2016-06-28
2184,michael_shermer_on_believing_strange_things,5471978,TED2006,2006-02-23
2189,michele_l_sullivan_asking_for_help_is_a_strength_not_a_weakness,1329448,TEDWomen 2016,2016-10-26
2190,michelle_borkin_can_astronomers_help_doctors,165007,TEDxBoston 2011,2011-06-28
2191,michelle_obama,1052835,Elizabeth G. Anderson School,2009-04-04
2194,mick_mountz_the_hidden_world_of_box_packing,285028,TEDxBoston 2011,2011-06-28
2197,mihaly_csikszentmihalyi_on_flow,4250422,TED2004,2004-02-29
2198,miho_janvier_lessons_from_a_solar_storm_chaser,666259,TEDGlobal 2017,2017-08-27
2199,mike_biddle,992950,TEDGlobal 2011,2011-07-14
2200,mike_kinney_a_pro_wrestler_s_guide_to_confidence,912478,TED@UPS,2017-07-20
2201,mike_matas,1520268,TED2011,2011-03-02
2202,mike_rowe_celebrates_dirty_jobs,4570356,EG 2008,2008-12-12
2210,miriam_zoila_perez_how_racism_harms_pregnant_women_and_what_can_help,839099,TEDWomen 2016,2016-10-26
2211,miru_kim_s_underground_art,590062,EG 2008,2008-12-12
2216,mitchell_joachim_don_t_build_your_home_grow_it,1368267,TED2010,2010-02-12
2217,miwa_matreyek_s_glorious_visions,840906,TEDGlobal 2010,2010-07-14
2220,molly_crockett_beware_neuro_bunk,1215162,TEDSalon London Fall 2012,2012-11-07
2222,molly_winter_the_taboo_secret_to_healthier_plants_and_people,1596640,TEDxBend,2016-04-23
2223,mona_chalabi_3_ways_to_spot_a_bad_statistic,1510166,TEDNYC,2017-02-15
2224,monica_araya_a_small_country_with_big_ideas_to_get_rid_of_fossil_fuels,1063101,TEDSummit,2016-06-29
2229,morley_sings_women_of_hope,315730,TEDxWomen 2011,2011-12-01
2232,moshe_szyf_how_early_life_experience_is_written_into_dna,1202545,TEDxBratislava,2016-07-03
2236,murray_gell_mann_on_beauty_and_truth_in_physics,1203259,TED2007,2007-03-03
2237,murray_gell_mann_on_the_ancestor_of_language,807168,TED2007,2007-03-03
2240,nabila_alibhai_why_people_of_different_faiths_are_painting_their_houses_of_worship_yellow,966608,TEDGlobal 2017,2017-08-27
2242,nadia_lopez_why_open_a_school_to_close_a_prison,1064906,TED Talks Live,2015-11-02
2244,nadine_hachach_haram_how_augmented_reality_could_change_the_future_of_surgery,833503,TEDWomen 2017,2017-11-01
2245,nagin_cox_what_time_is_it_on_mars,1522871,TEDxBeaconStreet,2016-11-19
2249,nancy_duarte_the_secret_structure_of_great_talks,1298718,TEDxEast,2011-11-11
2250,nancy_etcoff_on_happiness_and_why_we_want_it,1671288,TED2004,2004-02-02
2252,nancy_kanwisher_the_brain_is_a_swiss_army_knife,1115248,TED2014,2014-03-14
2254,nancy_lublin_the_heartbreaking_text_that_inspired_a_crisis_help_line,805646,TEDWomen 2015,2015-05-27
2257,naomi_mcdougall_jones_what_it_s_like_to_be_a_woman_in_hollywood,964350,TEDxBeaconStreet,2016-11-19
2260,natalie_macmaster_and_donnell_leahy_play_the_cape_breton_fiddle,1101528,TED2003,2003-02-02
2263,natalie_panek_let_s_clean_up_the_space_junk_orbiting_earth,994293,TEDxToronto,2015-10-22
2264,natalie_warne_being_young_and_making_an_impact,596045,TEDxTeen,2011-04-02
2265,natasha_hurley_walker_how_radio_telescopes_show_us_unseen_galaxies,1037364,TEDxPerth,2016-10-14
2267,nate_garvis_change_our_culture_change_our_world,129891,TEDxTC,2010-10-13
2268,nate_silver_on_race_and_politics,435658,TED2009,2009-02-07
2270,nathalie_miebach,737506,TEDGlobal 2011,2011-07-11
2272,nathan_myhrvold_cut_your_food_in_half,1408985,TED2011,2011-03-03
2273,nathan_myhrvold_on_archeology_animal_photography_bbq,458404,TED2007,2007-03-03
2274,nathan_wolfe_hunts_for_the_next_aids,1093586,TED2009,2009-02-05
2275,nathan_wolfe_what_s_left_to_explore,886231,TED2012,2012-02-27
2276,nathaniel_kahn_on_my_architect,343864,TED2002,2002-02-02
2277,natsai_audrey_chieza_fashion_has_a_pollution_problem_can_biology_fix_it,764813,TED@BCG Milan,2017-10-04
2278,naturally_7_jams_fly_baby_with_an_orchestra_of_vocals,1507082,TED2009,2009-02-04
2280,negin_farsad_a_highly_scientific_taxonomy_of_haters,1261170,TED2016,2016-02-15
2281,neha_narula_the_future_of_money,1969632,TED@BCG Paris,2016-05-18
2283,neil_gershenfeld_on_fab_labs,715363,TED2006,2006-02-02
2287,neil_turok_makes_his_ted_prize_wish,482594,TED2008,2008-02-28
2288,nellie_mckay_sings_clonie_1,700733,TED2008,2008-02-29
2289,nellie_mckay_sings_feminists_and_if_i_had_you,1032383,TED2008,2008-02-02
2290,nellie_mckay_sings_the_dog_song,697764,TED2008,2008-02-02
2293,ngozi_okonjo_iweala_how_africa_can_keep_rising,811382,TEDSummit,2016-06-27
2295,ngozi_okonjo_iweala_on_doing_business_in_africa,1087433,TED2007,2007-03-03
2301,nicholas_negroponte_in_1984_makes_5_predictions,988042,TED1984,1984-02-02
2302,nicholas_negroponte_on_one_laptop_per_child,377169,TED2006,2006-02-23
2303,nicholas_negroponte_on_one_laptop_per_child_two_years_on,405955,EG 2007,2007-12-12
2305,nick_bostrom_on_our_biggest_problems,786352,TEDGlobal 2005,2005-07-14
2314,niki_okuk_when_workers_own_companies_the_economy_is_more_resilient,1031557,TEDxCrenshaw,2016-10-08
2315,nikki_webber_allen_don_t_suffer_from_your_depression_in_silence,1437160,TED Residency,2017-06-06
2318,nina_fedoroff_a_secret_weapon_against_zika_and_other_mosquito_borne_diseases,953162,TEDxMidAtlantic,2016-10-21
2320,nina_tandon_caring_for_cells,494243,TED2011,2011-03-02
2322,nirmalya_kumar_india_s_invisible_entrepreneurs,895545,TEDxLondonBusinessSchool,2012-04-27
2323,niti_bhan_the_hidden_opportunities_of_the_informal_economy,849695,TEDGlobal 2017,2017-08-27
2325,nnedi_okorafor_sci_fi_stories_that_imagine_a_future_africa,789764,TEDGlobal 2017,2017-08-27
2326,noah_feldman_hamilton_vs_madison_and_the_birth_of_american_partisanship,1011067,TED2017,2017-04-24
2331,nora_york_sings_what_i_want,403180,TEDSalon 2006,2006-12-14
2333,noriko_arai_can_a_robot_pass_a_university_entrance_exam,1215305,TED2017,2017-04-24
2334,norman_foster_s_green_agenda,775625,DLD 2007,2007-01-01
2335,norman_lear_an_entertainment_icon_on_living_a_life_of_meaning,1053818,TED2016,2016-02-16
2338,oded_shoseyov_how_we_re_harnessing_nature_s_hidden_superpowers,1339547,TED@BCG Paris,2016-05-18
2339,ok_go_how_to_find_a_wonderful_idea,1805061,TED2017,2017-04-24
2343,olivier_scalabre_the_next_manufacturing_revolution_is_here,1661491,TED@BCG Paris,2016-05-20
2344,oluf_mi_taiwo_why_africa_must_become_a_center_of_knowledge_again,920691,TEDGlobal 2017,2017-08-27
2345,olutimehin_adegbeye_who_belongs_in_a_city,1109095,TEDGlobal 2017,2017-08-27
2348,onyx_ashanti_this_is_beatjazz,796407,Full Spectrum Auditions,2011-05-24
2350,ory_okolloh_on_becoming_an_activist,330860,TEDGlobal 2007,2007-06-06
2356,pamelia_kurstin_plays_the_theremin,1719537,TED2002,2002-02-02
2361,paolo_cardini_forget_multitasking_try_monotasking,2376888,TEDGlobal 2012,2012-06-27
2367,patricia_burchat_leads_a_search_for_dark_energy,1433810,TED2008,2008-02-02
2370,patricia_ryan_ideas_in_all_languages_not_just_english,1691916,TEDxDubai,2010-12-04
2371,patrick_awuah_on_educating_leaders,1289059,TEDGlobal 2007,2007-06-06
2373,patsy_rodenburg_why_i_do_theater,179698,Michael Howard Studios,2008-10-09
2374,pattie_maes_demos_the_sixth_sense,9829346,TED2009,2009-02-06
2379,paul_collier_shares_4_ways_to_help_the_bottom_billion,1035318,TED2008,2008-03-03
2380,paul_conneally_digital_humanitarianism,353577,TEDxRC2,2011-11-27
2385,paul_hessburg_why_wildfires_have_gotten_worse_and_how_we_can_stop_them,850700,TEDxBend,2017-05-13
2387,paul_knoepfler_the_ethical_dilemma_of_designer_babies,1148679,TEDxVienna,2015-10-31
2388,paul_lewis_crowdsourcing_the_news,157207,TEDxThessaloniki,2011-04-02
2391,paul_moller_on_the_skycar,423058,TED2004,2004-02-02
2395,paul_romer,579726,TEDGlobal 2009,2009-07-22
2398,paul_rothemund_casts_a_spell_with_dna,417260,TED2007,2007-03-03
2399,paul_rothemund_details_dna_folding,546101,TED2008,2008-02-02
2403,paul_tasner_how_i_became_an_entrepreneur_at_66,1375368,TED Residency,2017-06-06
2404,paul_zak_trust_morality_and_oxytocin,1552894,TEDGlobal 2011,2011-07-13
2407,paula_scher_gets_serious,521706,Serious Play 2008,2008-05-05
2408,pavan_sukhdev_what_s_the_price_of_nature,648134,TEDGlobal 2011,2011-07-14
2411,peggy_orenstein_what_young_women_believe_about_their_own_sexual_pleasure,1921265,TEDWomen 2016,2016-10-26
2412,penelope_boston,657115,TED2006,2006-02-02
2413,per_espen_stoknes_how_to_transform_apocalypse_fatigue_into_action_on_global_warming,849481,TEDGlobal>NYC,2017-09-20
2414,pete_alcorn_s_vision_of_a_better_world,500765,TED2009,2009-02-05
2415,peter_attia_what_if_we_re_wrong_about_diabetes,2503418,TEDMED 2013,2013-04-05
2416,peter_calthorpe_7_principles_for_building_better_cities,1217994,TED2017,2017-04-24
2420,peter_donnelly_shows_how_stats_fool_juries,1071500,TEDGlobal 2005,2005-07-14
2426,peter_hirshberg_on_tv_and_the_web,255076,EG 2007,2007-12-12
2429,peter_reinhart_on_bread,835553,Taste3 2008,2008-07-17
2435,peter_ward_on_mass_extinctions,847480,TED2008,2008-02-27
2436,peter_weinstock_lifelike_simulations_that_make_real_life_surgery_safer,942364,TEDxNatick,2016-01-23
2437,phil_borges_on_endangered_cultures,910731,TED2006,2006-02-23
2441,philip_howard,620555,TED2010,2010-02-13
2443,philip_zimbardo_prescribes_a_healthy_take_on_time,1617572,TED2009,2009-02-06
2444,philippa_neave_the_unexpected_challenges_of_a_country_s_first_election,871910,TEDNYC,2016-09-07
2446,philippe_starck_thinks_deep_on_design,1839086,TED2007,2007-03-03
2449,pico_iyer_the_beauty_of_what_we_ll_never_know,1525518,TEDSummit,2016-06-30
2451,pierre_thiam_a_forgotten_ancient_grain_that_could_help_africa_prosper,951313,TED2017,2017-08-27
2452,pilobolus_perform_symbiosis,3109618,TED2005,2005-02-25
2453,pistol,586707,TED2010,2010-02-10
2454,pope_francis_why_the_only_future_worth_building_includes_everyone,2870003,TED2017,2017-04-25
2456,prosanta_chakrabarty_clues_to_prehistoric_times_found_in_blind_cavefish,1018118,TED2016,2016-02-15
2457,prumsodun_ok_the_magic_of_khmer_classical_dance,979023,TED2017,2017-04-24
2459,put_the_financial_aid_in_the_bag,190576,TED-Ed,2011-11-11
2460,pw_singer_on_robots_of_war,1482690,TED2009,2009-02-04
2461,qi_zhang_s_electrifying_organ_performance,808878,TEDxUSC,2009-03-23
2462,questions_no_one_knows_the_answers_to,669104,TED-Ed,2012-03-12
2463,quixotic_fusion_dancing_with_light,1410631,TED2012,2012-02-28
2464,quyen_nguyen_color_coded_surgery,1119065,TEDMED 2011,2011-10-28
2467,rabbi_lord_jonathan_sacks_how_we_can_face_the_future_without_fear_together,1554994,TED2017,2017-04-24
2471,rachel_botsman_we_ve_stopped_trusting_institutions_and_started_trusting_strangers,1375147,TEDSummit,2016-06-29
2474,radhika_nagpal_what_intelligent_machines_can_learn_from_a_school_of_fish,1002797,TED2017,2017-04-24
2477,raghava_kk_five_lives_of_an_artist,685358,TED2010,2010-02-12
2479,raghava_kk_what_s_your_200_year_plan,819281,TEDxSummit,2012-04-16
2481,rainn_wilson_ideas_worth_dating,835694,TED Studio,2016-05-02
2482,raj_panjabi_no_one_should_die_because_they_live_too_far_from_a_doctor,1076689,TED2017,2017-04-24
2485,ralph_langner_cracking_stuxnet_a_21st_century_cyberweapon,1368264,TED2011,2011-03-03
2492,randy_pausch_really_achieving_your_childhood_dreams,575941,Carnegie Mellon University,2007-09-18
2493,raul_midon_plays_all_the_answers_and_tembererana,411371,TED2007,2007-03-03
2494,raul_midon_plays_everybody_and_peace_on_earth,333842,TED2007,2007-03-03
2497,ray_dalio_how_to_build_a_company_where_the_best_ideas_win,1873358,TED2017,2017-04-24
2498,ray_kurzweil_announces_singularity_university,925980,TED2009,2009-02-07
2500,ray_kurzweil_on_how_technology_will_transform_us,2482159,TED2005,2005-02-24
2504,rebecca_brachman_could_a_drug_prevent_depression_and_ptsd,1234404,TEDxNewYork,2016-09-10
2506,rebecca_mackinnon_we_can_fight_terror_without_sacrificing_our_rights,1073586,TEDSummit,2016-06-29
2508,rebecca_saxe_how_brains_make_moral_judgments,2909264,TEDGlobal 2009,2009-07-22
2509,reed_kroloff_on_modern_and_romantic_architecture,287953,TED2003,2003-02-02
2510,reggie_watts_disorients_you_in_the_most_entertaining_way,9673039,TED2012,2012-02-29
2513,reinventing_the_car,575526,TED2005,2005-02-28
2519,rhiannon_giddens_3_songs_that_bring_history_to_life,1116408,TED2016,2016-02-15
2520,ric_elias,6782310,TED2011,2011-03-04
2524,richard_baraniuk_on_open_source_learning,983042,TED2006,2006-02-23
2526,richard_browning_how_i_built_a_jet_suit,1638105,TED2017,2017-04-24
2527,richard_dawkins_growing_up_in_the_universe,319583,Royal Institution,1991-12-20
2529,richard_feynman,540265,BBC TV,1983-07-08
2530,richard_j_berry_a_practical_way_to_help_the_homeless_find_work_and_safety,1044002,TEDxPennsylvaniaAvenue,2017-02-09
2532,richard_preston_on_the_giant_trees,660620,TED2008,2008-02-02
2533,richard_pyle_dives_the_twilight_zone,362395,TED2004,2004-02-02
2539,richard_turere_a_peace_treaty_with_the_lions,2088006,TED2013,2013-02-27
2541,richard_wilkinson,2575124,TEDGlobal 2011,2011-07-12
2542,rick_falkvinge_i_am_a_pirate,184215,TEDxObserver,2012-03-11
2543,rick_guidotti_from_stigma_to_supermodel,170545,TEDxPhoenix,2011-11-11
2549,rives_controls_the_internet,1849146,TEDSalon 2006,2006-11-30
2550,rives_on_4_a_m,3628329,TED2007,2007-03-03
2552,rives_remixes_ted2006,649323,TED2006,2006-02-02
2553,rives_tells_a_story_of_mixed_emoticons,1627235,TED2008,2008-02-02
2554,rob_dunbar,556028,Mission Blue Voyage,2010-04-15
2561,robb_willer_how_to_have_better_political_conversations,1312496,TEDxMarin,2016-09-17
2562,robert_ballard_on_exploring_the_oceans,1305016,TED2008,2008-02-29
2563,robert_fischell_on_medical_inventing,401710,TED2005,2005-02-24
2565,robert_full_on_animal_movement,719695,TED2005,2005-02-02
2566,robert_full_on_engineering_and_evolution,825674,TED2002,2002-02-02
2569,robert_gupta,1185161,TED2010,2010-02-10
2570,robert_gupta_and_joshua_roman_duet_on_passacaglia,785403,TED2011,2011-03-02
2573,robert_lang_folds_way_new_origami,2199038,TED2008,2008-02-02
2575,robert_muggah_the_biggest_risks_facing_cities_and_some_solutions,864941,TEDGlobal>NYC,2017-09-20
2576,robert_neuwirth_on_our_shadow_cities,704035,TEDGlobal 2005,2005-07-14
2579,robert_sapolsky_the_biology_of_our_best_and_worst_selves,1303341,TED2017,2017-04-24
2580,robert_sapolsky_the_uniqueness_of_humans,582314,Stanford University,2009-09-08
2582,robert_thurman_on_compassion,311885,Chautauqua Institution,2009-10-01
2584,robert_wright_on_optimism,1198318,TED2006,2006-02-02
2588,robin_chase_on_zipcar_and_her_next_big_idea,442841,TED2007,2007-03-03
2589,robin_hanson_what_would_happen_if_we_upload_our_brains_to_computers,1157035,TED2017,2017-04-24
2595,rocio_lorenzo_want_a_more_innovative_company_hire_more_women,932382,TED@BCG Milan,2017-10-04
2596,rodney_brooks_on_robots,611088,TED2003,2003-02-02
2601,rodrigo_y_gabriela_an_electrifying_acoustic_guitar_performance,1256959,TED2015,2015-03-16
2602,roger_antonsen_math_is_the_hidden_secret_to_understanding_the_world,2020783,TEDxOslo,2015-01-29
2603,roger_doiron_my_subversive_garden_plot,216885,TEDxDirigo,2011-09-10
2605,roger_mcnamee_six_ways_to_save_the_internet,291579,TEDxSantaCruz,2011-03-02
2608,rokia_traore_sings_kounandi,85108,TEDGlobal 2007,2007-06-06
2609,rokia_traore_sings_m_bifo,298215,TEDGlobal 2007,2007-06-06
111,ron_eglash_on_african_fractals,1557871,TEDGlobal 2007,2007-06-06
115,ronald_sullivan_how_i_help_free_innocent_people_from_prison,733092,TEDxMidAtlantic,2016-10-21
116,rory_bremner_s_one_man_world_summit,1125239,TEDGlobal 2009,2009-07-24
117,rory_stewart_how_to_rebuild_democracy,865614,TEDxHousesOfParliament,2012-06-12
123,rose_george_let_s_talk_crap_seriously,1652282,TED2013,2013-02-27
135,rutger_bregman_poverty_isn_t_a_lack_of_character_it_s_a_lack_of_cash,1715162,TED2017,2017-04-24
137,ryan_gravel_how_an_old_loop_of_railroads_is_changing_the_face_of_a_city,839118,TEDNYC,2016-10-05
139,ryan_lobo_through_the_lens_of_compassion,546816,TEDIndia 2009,2009-11-06
141,safwat_saleem_why_i_keep_speaking_up_even_when_people_mock_my_accent,1419977,TED2016,2016-02-15
142,sajay_samuel_how_college_loans_exploit_students_for_profit,1141703,TEDxPSU,2016-02-28
145,sal_khan_let_s_teach_for_mastery_not_test_scores,2482614,TED Talks Live,2015-11-02
146,salil_dudani_how_jails_extort_the_poor,985969,TEDxStanford,2016-04-24
147,sally_kohn_don_t_like_clickbait_don_t_click,1259624,TED@NYC,2014-07-08
151,sam_harris_can_we_build_ai_without_losing_control_over_it,2995401,TEDSummit,2016-06-26
152,sam_harris_science_can_show_what_s_right,3553212,TED2010,2010-02-11
153,sam_kass_want_to_teach_kids_well_feed_them_well,1432119,TED Talks Live,2015-11-02
154,sam_martin_builds_a_room_of_his_own,763724,TEDGlobal 2009,2009-07-24
156,samantha_nutt_the_real_harm_of_the_global_arms_trade,1062096,TED Talks Live,2015-11-04
157,samantha_power_on_a_complicated_hero,464128,TED2008,2008-02-02
159,sandi_toksvig_a_political_party_for_women_s_equality,825673,TEDWomen 2016,2016-10-27
161,sandra_fisher_martins_the_right_to_understand,297801,TEDxO'Porto,2011-03-21
162,sandrine_thuret_you_can_grow_new_brain_cells_here_s_how,5141136,TED@BCG London,2015-06-30
168,sara_dewitt_3_fears_about_screen_time_for_kids_and_why_they_re_not_true,1199647,TED2017,2017-04-24
170,sara_menker_a_global_food_crisis_may_be_only_a_decade_away,1130810,TEDGlobal 2017,2017-08-27
171,sara_ramirez_and_michael_pemberton_rollercoaster,897843,TED Talks Live,2015-11-01
174,sarah_corbett_activism_needs_introverts,823868,TEDxYouth@Bath,2016-11-17
180,sarah_kaminsky,602295,TEDxParis 2010,2010-01-30
181,sarah_kay_how_many_lives_can_you_live,750459,TEDxEast,2011-05-09
185,sarah_parcak_help_discover_ancient_ruins_before_it_s_too_late,865244,TED2016,2016-02-15
186,sarah_parcak_hunting_for_peru_s_lost_civilizations_with_satellites,1056991,TEDSummit,2016-06-27
187,sasa_vucinic_invests_in_free_press,590785,TEDGlobal 2005,2005-07-14
188,sasha_dichter,295969,NextGen:Charity,2010-11-16
190,saul_griffith_on_kites_as_the_future_of_renewable_energy,641784,TED2009,2009-02-06
191,sayu_bhojwani_how_immigrant_voices_make_democracy_stronger,831650,TEDNYC,2016-09-07
194,scott_fraser_the_problem_with_eyewitness_testimony,1074978,TEDxUSC,2012-05-04
195,scott_galloway_how_amazon_apple_facebook_and_google_manipulate_our_emotions,1596623,TEDNYC,2017-10-17
197,scott_mccloud_on_comics,1041174,TED2005,2005-02-28
198,scott_rickard_the_beautiful_math_behind_the_ugliest_music,353970,TEDxMIA,2011-09-13
199,scott_summit_beautiful_artificial_limbs,139539,TEDxCambridge,2011-11-19
203,sebastian_bortnik_the_conversation_we_re_not_having_about_digital_child_abuse,431430,TEDxRiodelaPlata,2016-10-22
205,sebastian_junger_our_lonely_society_makes_it_hard_to_come_home_from_war,812705,TED Talks Live,2015-11-04
207,sebastian_kraves_the_era_of_personal_dna_testing_is_here,1076084,TED@BCG Paris,2016-05-18
208,sebastian_seung,961482,TEDGlobal 2010,2010-07-16
209,sebastian_thrun_and_chris_anderson_the_new_generation_of_computers_is_programming_itself,1020364,TED2017,2017-04-24
211,sebastian_wernicke_1000_tedtalks_6_words,628469,TEDxZurich 2011,2011-11-10
214,seema_bansal_how_to_fix_a_broken_education_system_without_any_more_money,1291019,TED@BCG Paris,2016-05-18
215,sendhil_mullainathan,504855,TEDIndia 2009,2009-11-04
216,serena_williams_gayle_king_on_tennis_love_and_motherhood,1735305,TED2017,2017-04-24
218,sergey_brin_and_larry_page_on_google,1488788,TED2004,2004-02-02
222,seth_godin_on_sliced_bread,5689116,TED2003,2003-02-27
224,seth_godin_this_is_broken_1,963596,Gel Conference,2006-09-08
227,sethembile_msezane_living_sculptures_that_stand_for_history_s_truths,904361,TEDGlobal 2017,2017-08-27
231,shah_rukh_khan_thoughts_on_humanity_fame_and_love,5682323,TED2017,2017-04-24
232,shai_agassi_on_electric_cars,1153471,TED2009,2009-02-05
233,shai_reshef_a_tuition_free_college_degree,5247405,TED2014,2014-03-14
237,shaolan_the_chinese_zodiac_explained,2106258,TED2016,2016-02-17
238,sharon_brous_it_s_time_to_reclaim_and_reinvent_religion,1262521,TEDWomen 2016,2016-10-28
239,sharon_terry_science_didn_t_understand_my_kids_rare_disease_until_i_decided_to_study_it,1169632,TEDMED 2016,2016-11-30
240,shashi_tharoor,1498574,TEDIndia 2009,2009-11-07
243,sheena_iyengar_choosing_what_to_choose,2364903,TEDSalon NY2011,2011-11-09
247,sheila_patek_clocks_the_fastest_animals,1183297,TED2004,2004-02-25
252,sherry_turkle_alone_together,4281099,TED2012,2012-02-29
253,sherwin_nuland_on_electroshock_therapy,1585308,TED2003,2001-02-02
254,sherwin_nuland_on_hope,351639,TED2003,2003-02-02
260,shimon_schocken_s_rides_of_hope,549219,TEDxTelAviv 2010,2010-04-29
266,shlomo_benartzi_saving_more_tomorrow,1399870,TEDSalon NY2011,2011-11-09
267,shonda_rhimes_and_cyndi_stivers_the_future_of_storytelling,923713,TED2017,2017-04-24
269,shubhendu_sharma_an_engineers_vision_for_tiny_forests_everywhere,1141107,TED2014,2014-03-16
273,siamak_hariri_how_do_you_build_a_sacred_space,1162704,TEDNYC,2017-03-08
275,siddhartha_roy_science_in_service_to_the_public_good,941488,TEDxVirginiaTech,2016-11-10
278,silk_road_ensemble_rhiannon_giddens_st_james_infirmary_blues,844447,TED2016,2016-02-16
279,silk_road_ensemble_turceasca,669915,TED2016,2016-02-15
280,simon_anholt_how_would_the_rest_of_the_world_vote_in_your_country_s_election,1043098,TEDxFrankfurt,2016-11-29
285,sinead_burke_why_design_should_include_everyone,1211812,TEDNYC,2017-03-08
287,sirena_huang_dazzles_on_violin,2753344,TED2006,2006-02-23
288,sisonke_msimang_if_a_story_moves_you_act_on_it,1200464,TEDWomen 2016,2016-10-27
289,sitawa_wafula_why_i_speak_up_about_living_with_epilepsy,779175,TEDNairobi Ideas Search,2017-02-08
290,sivamani_rhythm_is_everything_everywhere,562339,TEDIndia 2009,2009-11-06
294,sleepy_man_banjo_boys_bluegrass_virtuosity_from_new_jersey,5514902,TED2013,2013-02-26
295,so_percussion_music_for_wood_and_strings,795789,TED2016,2016-02-15
296,sofi_tukker_awoo,965214,TEDNYC,2017-03-08
297,sofia_jawed_wessel_the_lies_we_tell_pregnant_women,1743024,TEDxOmaha,2016-10-08
301,sophie_hunger_plays_songs_of_secrets_city_lights,526532,TEDGlobal 2009,2009-07-23
307,stacy_smith_the_data_behind_hollywood_s_sexism,960309,TEDWomen 2016,2016-10-26
308,stanley_mcchrystal,2544978,TED2011,2011-03-04
312,stefan_sagmeister_on_what_he_has_learned,760489,TED2008,2008-02-02
313,stefan_sagmeister_shares_happy_design,1818693,TED2004,2004-02-02
320,stephanie_busari_how_fake_news_does_real_harm,1142285,TEDLagos Ideas Search,2017-02-11
323,stephen_coleman_the_moral_dangers_of_non_lethal_weapons,490844,TEDxCanberra,2011-09-24
326,stephen_lawler_tours_microsoft_virtual_earth,312422,TED2007,2007-03-03
327,stephen_palumbi_following_the_mercury_trail,368970,Mission Blue Voyage,2010-04-10
328,stephen_petranek_counts_down_to_armageddon,1734223,TED2002,2002-02-02
331,stephen_wilkes_the_passing_of_time_caught_in_a_single_photo,1635979,TED2016,2016-02-19
334,steve_jobs_how_to_live_before_you_die,8853596,Stanford University,2005-06-12
337,steve_ramirez_and_xu_liu_a_mouse_a_laser_beam_a_manipulated_memory,1059974,TEDxBoston,2013-06-25
342,steven_johnson_how_play_leads_to_great_inventions,1193973,TED Studio,2016-10-21
344,steven_johnson_tours_the_ghost_map,703602,TEDSalon 2006,2006-11-30
346,steven_levitt_analyzes_crack_economics,2926684,TED2004,2004-02-27
347,steven_levitt_on_child_carseats,765151,TEDGlobal 2005,2005-07-12
349,steven_pinker_chalks_it_up_to_the_blank_slate,1080285,TED2003,2003-02-28
350,steven_pinker_on_language_and_thought,1986716,TEDGlobal 2005,2005-07-07
351,steven_pinker_on_the_myth_of_violence,2191295,TED2007,2007-03-03
353,steven_strogatz_on_sync,653134,TED2004,2004-02-02
355,stew_says_black_men_ski,588746,TED2006,2006-03-03
356,stewart_brand_on_squatter_cities,960681,TED2006,2006-02-02
363,stuart_russell_how_ai_might_make_us_better_people,1242186,TED2017,2017-04-24
365,sue_desmond_hellmann_a_smarter_more_precise_way_to_think_about_public_health,945145,TED2016,2016-02-19
366,sue_klebold_my_son_was_a_columbine_shooter_this_is_my_story,2887477,TEDMED 2016,2016-11-30
370,suheir_hammad_poems_of_war_peace_women_power,624130,TEDWomen 2010,2010-12-08
372,sunitha_krishnan_tedindia,2573832,TEDIndia 2009,2009-11-05
373,sunni_brown,1330705,TED2011,2011-03-03
378,susan_lim,626325,INK Conference,2010-12-07
379,susan_pinker_the_secret_to_living_longer_may_be_your_social_life,1544918,TED2017,2017-04-24
380,susan_robinson_how_i_fail_at_being_disabled,1235866,TED Residency,2016-12-13
381,susan_savage_rumbaugh_on_apes_that_write,2272836,TED2004,2004-02-02
382,susan_shaw_the_oil_spill_s_toxic_trade_off,222069,TEDxOilSpill,2010-06-28
385,suzanne_barakat_islamophobia_killed_my_brother_let_s_end_the_hate,1243843,TEDWomen 2016,2016-10-28
387,suzanne_simard_how_trees_talk_to_each_other,2595816,TEDSummit,2016-06-29
390,swami_dayananda_saraswati,287410,Chautauqua Institution,2009-10-01
391,sxip_shirey_at_the_breathing_place,219601,TED2008,2008-02-12
394,t_morgan_dixon_and_vanessa_garrison_walking_as_a_revolutionary_act_of_self_care,1051805,TED2017,2017-04-24
396,taiye_selasi_don_t_ask_where_i_m_from_ask_where_i_m_a_local,2291144,TEDGlobal 2014,2014-10-07
406,tara_winkler_why_we_need_to_end_the_era_of_orphanages,921488,TEDxSydney,2016-05-24
409,tasos_frantzolas_everything_you_hear_on_film_is_a_lie,1280694,TEDxAthens,2016-02-06
412,taylor_mali_what_teachers_make,690494,Bowery Poetry Club,2005-11-12
415,ted_halstead_a_climate_solution_where_all_sides_can_win,1141529,TED2017,2017-04-24
417,teenaged_boy_wonders_play_bluegrass,1844875,TED@New York,2012-06-07
420,teresa_njoroge_what_i_learned_serving_time_for_a_crime_i_didn_t_commit,915127,TEDWomen 2017,2017-11-01
423,thandie_newton_embracing_otherness_embracing_myself,2546422,TEDGlobal 2011,2011-07-13
424,the_cockroach_beatbox,314650,TED-Ed,2011-11-17
425,the_debut_of_the_british_paraorchestra,70215,TEDxBrussels,2011-11-22
427,the_inspiration_of_second_life,562305,Serious Play 2008,2008-05-08
428,the_interspecies_internet_an_idea_in_progress,724765,TED2013,2013-02-28
429,the_jill_and_julia_show,496839,TED2007,2007-03-03
2626,the_secret_life_of_plankton,200671,TED-Ed,2012-04-02
435,theo_e_j_wilson_a_black_man_goes_undercover_in_the_alt_right,1360207,TEDxMileHigh,2017-07-08
436,theo_jansen_creates_new_creatures,4038732,TED2007,2007-03-03
437,they_might_be_giants_play_at_8_30_am,367797,TED2007,2007-03-03
438,thom_mayne_on_architecture_as_connection,682841,TED2005,2005-02-25
439,thomas_barnett_draws_a_new_map_for_peace,1156657,TED2005,2005-02-02
440,thomas_dolby_and_rachelle_garniez,449940,TED2004,2004-02-02
442,thomas_heatherwick,1604871,TED2011,2011-03-02
448,thomas_pogge_medicine_for_the_99_percent,244371,TEDxCanberra,2011-09-24
451,thordis_elva_tom_stranger_our_story_of_rape_and_reconciliation,4238215,TEDWomen 2016,2016-10-26
457,tim_birkhead_the_wisdom_of_birds,113202,The Do Lectures,2009-09-18
459,tim_brown_urges_designers_to_think_big,1392056,TEDGlobal 2009,2009-07-22
461,tim_ferriss_why_you_should_define_your_fears_instead_of_your_goals,4125387,TED2017,2017-04-24
462,tim_harford,1775196,TEDGlobal 2011,2011-07-13
463,tim_harford_how_messy_problems_can_inspire_creativity,3040728,TEDGlobal>London,2015-09-29
465,tim_kruger_can_we_stop_climate_change_by_removing_co2_from_the_air,961192,TED2017,2017-04-24
467,tim_leberecht_4_ways_to_build_a_human_company_in_the_age_of_machines,1447264,TEDSummit,2016-06-28
470,timothy_ihrig_what_we_can_do_to_die_well,1306370,TEDxDesMoines,2013-09-08
472,tiq_milan_and_kim_katrin_milan_a_queer_vision_of_love_and_marriage,1249151,TEDWomen 2016,2016-10-27
473,titus_kaphar_can_art_amend_history,1125079,TED2017,2017-04-24
476,tod_machover_and_dan_ellsey_play_new_music,508135,TED2008,2008-03-03
477,todd_coleman_a_temporary_tattoo_that_brings_hospital_care_to_the_home,1180802,TEDMED 2015,2015-11-18
480,todd_scott_an_intergalactic_guide_to_using_a_defibrillator,1027655,TEDNYC,2017-01-26
482,tom_gruber_how_ai_can_enhance_our_memory_work_and_social_lives,1501630,TED2017,2017-04-24
483,tom_honey_on_god_and_the_tsunami,626085,TED2005,2005-02-02
484,tom_hulme_what_can_we_learn_from_shortcuts,1463503,TED2016,2016-02-17
486,tom_shannon_s_magnetic_sculpture,1087714,TED2003,2003-02-27
487,tom_shannon_the_painter_and_the_pendulum,438290,TED in the Field,2009-05-05
490,tom_wujec_build_a_tower,4169865,TED2010,2010-02-14
491,tom_wujec_demos_the_13th_century_astrolabe,597252,TEDGlobal 2009,2009-07-23
494,tomas_saraceno_would_you_live_in_a_floating_bubble_in_the_sky,479098,TED2017,2017-04-24
502,torsten_reil_studies_biology_to_make_animation,328834,TED2003,2003-03-03
503,toys_from_the_future,416002,TED2005,2005-02-02
507,trevor_copp_jeff_fox_ballroom_dance_that_breaks_gender_roles,588954,TEDxMontreal,2015-11-07
508,trevor_timm_how_free_is_our_freedom_of_the_press,1299060,TED2016,2016-02-15
509,tricia_wang_the_human_insights_missing_from_big_data,1317373,TEDxCambridge,2016-09-29
510,triona_mcgrath_how_pollution_is_changing_the_ocean_s_chemistry,1204940,TEDxFulbrightDublin,2016-02-06
511,tristan_harris_how_better_tech_could_protect_us_from_distraction,1493985,TEDxBrussels,2014-12-01
512,tristan_harris_the_manipulative_tricks_tech_companies_use_to_capture_your_attention,1802282,TED2017,2017-04-24
517,two_young_scientists_break_down_plastics_with_bacteria,1237538,TED2013,2013-02-28
518,tyler_cowen_be_suspicious_of_stories,342393,TEDxMidAtlantic,2009-11-09
522,uldus_bakhtiozina_portraits_that_transform_people_into_whatever_they_want_to_be,775722,TED2017,2017-04-24
527,usman_riaz_and_preston_reed_a_young_guitarist_meets_his_hero,3706257,TEDGlobal 2012,2012-06-28
529,vanessa_ruiz_the_spellbinding_art_of_human_anatomy,1292631,TEDMED 2015,2015-11-18
530,veerle_provoost_do_kids_think_of_sperm_donors_as_family,1057184,TEDxGhent,2016-06-18
533,victor_rios_help_for_kids_the_education_system_ignores,1214079,TED Talks Live,2015-11-02
534,victoria_pratt_how_judges_can_show_respect,867998,TEDNYC,2016-10-05
537,vik_muniz_makes_art_with_wire_sugar,1177655,TED2003,2003-02-27
539,viktor_frankl_youth_in_search_of_meaning,1053136,Toronto Youth Corps,1972-05-14
540,vilayanur_ramachandran_on_your_mind,4061502,TED2007,2007-03-03
545,vishal_vaid_s_hypnotic_song,418720,TED2006,2006-02-09
547,vusi_mahlasela_s_encore_at_tedglobal2007,427743,TEDGlobal 2007,2007-06-08
548,vusi_mahlasela_sings_thula_mama,548218,TEDGlobal 2007,2007-06-07
550,wade_davis_on_endangered_cultures,2721658,TED2003,2003-02-03
554,wanda_diaz_merced_how_a_blind_astronomer_found_a_way_to_hear_the_stars,820193,TED2016,2016-02-16
555,wanis_kabbaj_what_a_driverless_world_could_look_like,3142782,TED@UPS,2016-09-15
556,wanuri_kahiu_fun_fierce_and_fantastical_african_art,750732,TED2017,2017-04-24
557,washington_wachira_for_the_love_of_birds,770308,TEDGlobal 2017,2017-08-27
559,wendy_chung_autism_what_we_know_and_what_we_don_t_know_yet,2418079,TED2014,2014-03-20
561,wendy_troxel_why_school_should_start_later_for_teens,1421103,TEDxManhattanBeach,2016-11-05
563,what_we_learned_from_5_million_books,1816138,TEDxBoston 2011,2011-07-24
564,will_marshall_teeny_tiny_satellites_that_photograph_the_entire_planet_every_day,1724821,TED2014,2014-03-20
567,will_wright_makes_toys_that_make_worlds,1141107,TED2007,2007-03-03
571,william_kamkwamba_on_building_a_windmill,1652870,TEDGlobal 2007,2007-06-05
572,william_li,4221829,TED2010,2010-02-10
575,william_ury,1896525,TEDxMidwest,2010-10-17
576,willie_smits_restores_a_rainforest,692952,TED2009,2009-02-06
579,woody_norris_invents_amazing_things,1212573,TED2004,2004-02-02
580,xavier_de_kestelier_adventures_of_an_interplanetary_architect,724063,TEDxLeuven,2016-11-17
582,yang_lan,1807072,TEDGlobal 2011,2011-07-13
584,yann_arthus_bertrand_captures_fragile_earth_in_wide_angle,772118,TED2009,2009-02-04
586,yasheng_huang,1009068,TEDGlobal 2011,2011-07-12
591,yossi_vardi_fights_local_warming,951417,TED2007,2007-03-07
593,yuval_noah_harari_nationalism_vs_globalism_the_new_political_divide,1770571,TED Dialogues,2017-02-15
596,yves_behar_s_supercharged_motorcycle_design,560744,TED2009,2009-02-06
601,zainab_salbi,515825,TEDGlobal 2010,2010-07-16
603,zaria_forman_drawings_that_show_the_beauty_and_fragility_of_earth,1153006,TED Talks Live,2015-11-06
607,zeresenay_alemseged_looks_for_humanity_s_roots,936112,TEDGlobal 2007,2007-06-07
609,zeynep_tufekci_machine_intelligence_makes_human_morals_more_important,1318617,TEDSummit,2016-06-29
610,zeynep_tufekci_we_re_building_a_dystopia_just_to_make_people_click_on_ads,1677289,TEDGlobal>NYC,2017-09-20
612,zimchallenge,2223198,TED2011,2011-03-01
614,zubaida_bai_a_simple_birth_kit_for_mothers_in_the_developing_world,858851,TED Residency,2016-12-13
