slug,view_count,event,filmed
francoise_mouly_the_stories_behind_the_new_yorker_s_iconic_covers,1015861,TEDNYC,2017-03-08
frank_gehry_as_a_young_rebel,632071,TED1990,1990-03-03
frank_gehry_asks_then_what,972820,TED2002,2002-02-28
frank_warren_half_a_million_secrets,3088372,TED2012,2012-02-29
frans_de_waal_do_animals_have_morals,3724565,TEDxPeachtree,2011-11-04
frans_lanting_photos_that_give_voice_to_the_animal_kingdom,1464195,TED2014,2014-03-11
frans_lanting_s_lyrical_nature_photos,1759692,TED2005,2005-02-02
franz_freudenthal_a_new_way_to_heal_hearts_without_surgery,1263165,TED2016,2016-02-16
fred_jansen_how_to_land_on_a_comet,1115232,TED2015,2015-03-17
fred_swaniker_the_leaders_who_ruined_africa_and_the_generation_who_can_fix_it,1255332,TEDGlobal 2014,2014-10-22
frederic_kaplan_how_i_built_an_information_time_machine,1197066,TEDxCaFoscariU,2013-06-19
frederick_balagadde_bio_lab_on_a_microchip,297916,TED2010,2010-02-11
fredy_peccerelli_a_forensic_anthropologist_who_brings_closure_for_the_disappeared,727900,TEDYouth 2014,2014-11-15
freeman_dyson_says_let_s_look_for_life_in_the_outer_solar_system,912303,TED2003,2003-02-02
freeman_hrabowski_4_pillars_of_college_success_in_science,930638,TED2013,2013-02-28
g_t_bynum_a_republican_mayor_s_plan_to_replace_partisanship_with_policy,685504,TEDxPennsylvaniaAvenue,2017-02-09
gabby_giffords_and_mark_kelly_be_passionate_be_courageous_be_your_best,1063850,TED2014,2014-03-21
gabe_barcia_colombo_my_dna_vending_machine,801260,TED Fellows Retreat 2013,2013-08-19
gabe_zichermann_how_games_make_kids_smarter,451735,TEDxKids@Brussels,2011-06-01
gabriel_barcia_colombo_capturing_memories_in_video_art,755445,TED2012,2012-02-27
gabriela_gonzalez_how_ligo_discovered_gravitational_waves_and_what_might_be_next,388747,TED2017,2017-04-24
gail_reed_where_to_train_the_world_s_doctors_cuba,780998,TEDMED 2014,2014-09-10
garik_israelian_what_s_inside_a_star,598301,TEDGlobal 2009,2009-07-23
garrett_lisi_on_his_theory_of_everything,1523079,TED2008,2008-02-02
garry_kasparov_don_t_fear_intelligent_machines_work_with_them,1238595,TED2017,2017-04-24
garth_lenz_images_of_beauty_and_devastation,802860,TEDxVictoria,2011-11-19
gary_flake_is_pivot_a_turning_point_for_web_exploration,662766,TED2010,2010-02-02
gary_greenberg_the_beautiful_nano_details_of_our_world,1034608,TEDxMaui,2012-04-10
gary_haugen_the_hidden_reason_for_poverty_the_world_needs_to_address_now,1707657,TED2015,2015-03-17
gary_kovacs_tracking_the_trackers,2121925,TED2012,2012-02-29
gary_lauder_s_new_traffic_sign_take_turns,581251,TED2010,2010-02-02
gary_slutkin_let_s_treat_violence_like_a_contagious_disease,744060,TEDMED 2013,2013-04-17
gary_vaynerchuk_do_what_you_love_no_excuses,778975,Web 2.0 Expo 2008,2008-09-19
gary_wolf_the_quantified_self,895786,TED@Cannes,2010-06-15
gautam_bhan_a_bold_plan_to_house_100_million_people,233188,TED Talks India,2017-12-10
gavin_pretor_pinney_cloudy_with_a_chance_of_joy,1234539,TEDGlobal 2013,2013-06-13
gavin_schmidt_the_emergent_patterns_of_climate_change,1168127,TED2014,2014-03-12
gayle_tzemach_lemmon_meet_the_first_women_to_fight_on_the_front_lines_of_an_american_war,1147143,TEDWomen 2015,2015-05-29
gayle_tzemach_lemmon_women_entrepreneurs_example_not_exception,561372,TEDxWomen 2011,2011-12-02
ge_wang_the_diy_orchestra_of_the_future,1181318,TEDxStanford,2014-05-10
geena_rocero_why_i_must_come_out,3182095,TED2014,2014-03-19
gel_gotta_share,359961,Gel Conference,2011-04-28
genevieve_von_petzinger_why_are_these_32_symbols_found_in_ancient_caves_all_over_europe,3906046,TED Fellows Retreat 2015,2015-08-26
geoff_mulgan_a_short_intro_to_the_studio_school,678887,TEDGlobal 2011,2011-07-12
geoff_mulgan_post_crash_investing_in_a_better_world_1,312423,TEDGlobal 2009,2009-07-24
geoffrey_canada_our_failing_schools_enough_is_enough,1857547,TED Talks Education,2013-05-07
geoffrey_west_the_surprising_math_of_cities_and_corporations,1453159,TEDGlobal 2011,2011-07-12
george_ayittey_on_cheetahs_vs_hippos,665493,TEDGlobal 2007,2007-06-05
george_dyson_at_the_birth_of_the_computer,855876,TED2003,2003-03-03
george_dyson_on_project_orion,793731,TED2002,2002-02-02
george_monbiot_for_more_wonder_rewild_the_world,907872,TEDGlobal 2013,2013-07-08
george_papandreou_imagine_a_european_democracy_without_borders,755350,TEDGlobal 2013,2013-06-11
george_smoot_on_the_design_of_the_universe,1669925,Serious Play 2008,2008-05-08
george_takei_why_i_love_a_country_that_once_betrayed_me,2398712,TEDxKyoto,2014-06-04
george_tulevski_the_next_step_in_nanotechnology,1330988,TED@IBM,2016-11-15
george_whitesides_a_lab_the_size_of_a_postage_stamp,501004,TEDxBoston 2009,2009-07-28
george_whitesides_toward_a_science_of_simplicity,626117,TED2010,2010-02-13
georgette_mulheir_the_tragedy_of_orphanages,814195,TEDSalon London Spring 2012,2012-05-10
geraldine_hamilton_body_parts_on_a_chip,1531649,TEDxBoston,2013-06-25
gerard_ryle_how_the_panama_papers_journalists_broke_the_biggest_leak_in_history,1017396,TEDSummit,2016-06-26
gero_miesenboeck,620220,TEDGlobal 2010,2010-07-16
gever_tulley_on_5_dangerous_things_for_kids,4467972,TED2007,2007-03-03
gever_tulley_s_tinkering_school_in_action,1167029,TED2009,2009-02-06
gian_giudice_why_our_universe_might_exist_on_a_knife_edge,1723096,TEDxCERN,2013-05-03
giles_duley_when_a_reporter_becomes_the_story,153585,TEDxObserver,2012-03-10
gill_hicks_i_survived_a_terrorist_attack_here_s_what_i_learned,840740,TEDxSydney,2016-05-24
giorgia_lupi_how_we_can_find_ourselves_in_data,1133833,TEDNYC,2017-03-08
giulia_enders_the_surprisingly_charming_science_of_our_gut,1560602,TEDxDanubia,2017-05-04
glenn_greenwald_why_privacy_matters,2013136,TEDGlobal 2014,2014-10-02
golan_levin_on_software_as_art,612750,TED2004,2004-02-27
golan_levin_ted2009,776731,TED2009,2009-02-20
gonzalo_vilarino_how_argentina_s_blind_soccer_team_became_champions,460585,TEDxRiodelaPlata,2015-09-24
gordon_brown,826344,TEDGlobal 2009,2009-07-21
gordon_brown_on_global_ethic_vs_national_interest,527635,TEDGlobal 2009,2009-07-22
grace_kim_how_cohousing_can_make_us_happier_and_live_longer,1656186,TED2017,2017-04-24
grady_booch_don_t_fear_superintelligence,1451877,TED@IBM,2016-11-15
graham_hawkes_flies_through_the_ocean,378564,TED2005,2005-02-28
graham_hill_less_stuff_more_happiness,3869854,TED2011,2011-03-01
graham_hill_weekday_vegetarian,2211339,TED2010,2010-02-10
greg_asner_ecology_from_the_air,705723,TEDGlobal 2013,2013-06-12
greg_gage_electrical_experiments_with_plants_that_count_and_communicate,1326543,TED2017,2017-04-24
greg_gage_how_to_control_someone_else_s_arm_with_your_brain,5302352,TED2015,2015-03-18
greg_lynn_on_organic_design,359412,TED2005,2005-02-02
greg_stone_saving_the_ocean_one_island_at_a_time,457730,Mission Blue Voyage,2010-04-16
gregoire_courtine_the_paralyzed_rat_that_walked,938927,TEDGlobal 2013,2013-06-13
gregory_heyworth_how_i_m_discovering_the_secrets_of_ancient_texts,772770,TEDxUM,2015-10-31
gregory_petsko_on_the_coming_neurological_epidemic,923372,TED2008,2008-02-02
gregory_stock_to_upgrade_is_human,502953,TED2003,2003-02-02
gretchen_carlson_david_brooks_political_common_ground_in_a_polarized_united_states,946628,TED Dialogues,2017-03-01
gretchen_carlson_how_we_can_end_sexual_harassment_at_work,1075757,TEDWomen 2017,2017-11-01
guillaume_nery_the_exhilarating_peace_of_freediving,885729,TEDxToulouse,2013-03-16
gus_casely_hayford_the_powerful_stories_that_shaped_africa,985095,TEDGlobal 2017,2017-08-27
guy_hoffman_robots_with_soul,2965309,TEDxJaffa 2013,2013-10-15
guy_philippe_goldstein_how_cyberattacks_threaten_real_world_peace,480351,TEDxParis 2010,2010-01-30
guy_winch_the_case_for_emotional_hygiene,5351772,TEDxLinnaeusUniversity,2014-11-07
haas_hahn_how_painting_can_transform_communities,1703135,TEDGlobal 2014,2014-10-08
hadyn_parry_re_engineering_mosquitos_to_fight_disease,954579,TEDSalon London Fall 2012,2012-11-07
haley_van_dyck_how_a_start_up_in_the_white_house_is_changing_business_as_usual,973777,TED2016,2016-02-16
halla_tomasdottir,600754,TEDWomen 2010,2010-12-08
halla_tomasdottir_it_s_time_for_women_to_run_for_office,900445,TEDWomen 2016,2016-10-28
hamish_jolly_a_shark_deterrent_wetsuit_and_it_s_not_what_you_think,2591573,TEDxPerth,2013-10-14
handpring_puppet_co_the_genius_puppetry_behind_war_horse,1559314,TED2011,2011-03-01
hanna_rosin_new_data_on_the_rise_of_women,873956,TEDWomen 2010,2010-12-07
hannah_brencher_love_letters_to_strangers,1969262,TED@New York,2012-06-07
hannah_fry_is_life_really_that_complex,377051,TEDxUCL,2012-06-03
hannah_fry_the_mathematics_of_love,4461496,TEDxBinghamtonUniversity,2014-04-04
hans_and_ola_rosling_how_not_to_be_ignorant_about_the_world,3816250,TEDSalon Berlin 2014,2014-06-23
hans_rosling_and_the_magic_washing_machine,2439333,TEDWomen 2010,2010-12-04
hans_rosling_asia_s_rise_how_and_when,1765692,TEDIndia 2009,2009-11-04
hans_rosling_at_state,1507205,TED@State,2009-06-04
hans_rosling_on_global_population_growth,3035554,TED@Cannes,2010-06-21
hans_rosling_religions_and_babies,2195746,TEDxSummit,2012-04-16
hans_rosling_reveals_new_insights_on_poverty,3296214,TED2007,2007-03-03
hans_rosling_shows_the_best_stats_you_ve_ever_seen,12246109,TED2006,2006-02-22
hans_rosling_the_good_news_of_the_decade,750141,TEDxChange,2010-09-20
hans_rosling_the_truth_about_hiv,928991,TED2009,2009-02-06
harald_haas_a_breakthrough_new_kind_of_wireless_internet,2005141,TEDGlobal>London,2015-09-29
harald_haas_wireless_data_from_every_light_bulb,2527251,TEDGlobal 2011,2011-07-13
harish_manwani_profit_s_not_always_the_point,1560691,TED@BCG Singapore,2013-10-10
harry_baker_a_love_poem_for_lonely_prime_numbers,1413645,TEDxExeter,2014-02-11
harry_cliff_have_we_reached_the_end_of_physics,2391566,TEDGlobal>Geneva,2015-12-08
harsha_bhogle_the_rise_of_cricket_the_rise_of_india,587870,TEDIndia 2009,2009-11-11
harvey_fineberg_are_we_ready_for_neo_evolution,1028035,TED2011,2011-03-02
hasan_elahi,830366,TEDGlobal 2011,2011-07-14
heather_barnett_what_humans_can_learn_from_semi_intelligent_slime_1,982690,TEDSalon Berlin 2014,2014-06-23
heather_brooke_my_battle_to_expose_government_corruption,942726,TEDGlobal 2012,2012-06-28
heather_knight_silicon_based_comedy,773907,TEDWomen 2010,2010-12-08
hector_garcia_we_train_soldiers_for_war_let_s_train_them_to_come_home_too,1011308,TED Talks Live,2015-11-04
hector_ruiz_on_connecting_the_world,317454,TEDGlobal 2007,2007-06-06
helder_guimaraes_a_magical_search_for_a_coincidence,2021878,TED2014,2014-03-20
helen_czerski_fun_home_experiments_that_teach_you_physics,1276825,TEDxManchester,2017-02-19
helen_fisher_studies_the_brain_in_love,5083066,TED2008,2008-02-02
helen_fisher_technology_hasn_t_changed_love_here_s_why,1655583,TEDSummit,2016-06-27
helen_fisher_tells_us_why_we_love_cheat,9576847,TED2006,2006-02-24
helen_pearson_lessons_from_the_longest_study_on_human_development,1536639,TED2017,2017-04-24
hendrik_poinar_bring_back_the_woolly_mammoth,976097,TEDxDeExtinction,2013-03-15
henry_evans_and_chad_jenkins_meet_the_robots_for_humanity,1213571,TEDxMidAtlantic,2013-10-26
henry_lin_what_we_can_learn_from_galaxies_far_far_away,1320549,TEDYouth 2013,2013-11-19
henry_markram_supercomputing_the_brain_s_secrets,1208641,TEDGlobal 2009,2009-07-23
herbie_hancock_s_all_star_set,664749,TED2009,2009-02-06
heribert_watzke_the_brain_in_your_gut,1453487,TEDGlobal 2010,2010-07-16
hetain_patel_who_am_i_think_again,2698318,TEDGlobal 2013,2013-06-11
hilary_cottam_social_services_are_broken_how_we_can_fix_them,696374,TEDGlobal>London,2015-09-29
hillel_cooperman_legos_for_grownups,1034322,TED2010,2010-02-12
his_holiness_the_karmapa_the_technology_of_the_heart,819700,TEDIndia 2009,2009-11-04
hod_lipson_builds_self_aware_robots,1225661,TED2007,2007-03-06
holly_morris_why_stay_in_chernobyl_because_it_s_home,1116123,TEDGlobal 2013,2013-06-12
homaro_cantu_ben_roche_cooking_as_alchemy,865731,TED2011,2011-03-01
honor_harger_a_history_of_the_universe_in_sound,927224,TEDSalon London Spring 2011,2011-05-18
how_much_does_a_video_weigh,199390,TED-Ed,2013-02-28
how_simple_ideas_lead_to_scientific_discoveries,887582,TED-Ed,2011-11-02
howard_rheingold_on_collaboration,964095,TED2005,2005-02-02
huang_yi_kuka_a_human_robot_dance_duet,325664,TED2017,2017-04-24
hubertus_knabe_the_dark_secrets_of_a_surveillance_state,1189547,TEDSalon Berlin 2014,2014-06-09
hugh_evans_what_does_it_mean_to_be_a_citizen_of_the_world,1400532,TED2016,2016-02-17
hugh_herr_the_new_bionics_that_let_us_run_climb_and_dance,7967856,TED2014,2014-03-12
hyeonseo_lee_my_escape_from_north_korea,10411242,TED2013,2013-02-28
iain_hutchison_saving_faces,624312,TEDGlobal 2010,2010-07-14
iain_mcgilchrist_the_divided_brain,657851,RSA Animate,2011-10-21
ian_bremmer_how_the_us_should_use_its_superpower_status,870695,TEDxNewYork,2016-09-10
ian_dunbar_on_dog_friendly_dog_training,1021531,EG 2007,2007-12-03
ian_goldin_navigating_our_global_future,1089287,TEDGlobal 2009,2009-07-23
ian_ritchie_the_day_i_turned_down_tim_berners_lee,584703,TEDGlobal 2011,2011-07-11
ilona_szabo_de_carvalho_4_lessons_i_learned_from_taking_a_stand_against_drugs_and_gun_violence,1146019,TEDGlobal 2014,2014-10-28
imam_feisal_abdul_rauf,449235,TEDSalon 2009 Compassion,2009-10-14
imogen_heap_wait,901144,TEDGlobal 2009,2009-07-22
inara_george_sings_family_tree,222734,TEDxGreatPacificGarbagePatch,2010-11-06
ines_hercovich_why_women_stay_silent_after_sexual_assault,344029,TEDxRiodelaPlata,2015-09-24
inge_missmahl_brings_peace_to_the_minds_of_afghanistan,351869,TEDGlobal 2010,2010-07-15
ingrid_betancourt_what_six_years_in_captivity_taught_me_about_fear_and_faith,655988,TED2017,2017-04-24
io_tillett_wright_fifty_shades_of_gay,2733919,TEDxWomen 2012,2012-12-01
ione_wells_how_we_talk_about_sexual_assault_online,1060417,TEDSummit,2016-06-30
iqbal_quadir_says_mobiles_fight_poverty,515454,TEDGlobal 2005,2005-07-13
irwin_redlener_warns_of_nuclear_terrorism,687455,TED2008,2008-02-29
isaac_lidsky_what_reality_are_you_creating_for_yourself,2669276,TEDSummit,2016-06-26
isaac_mizrahi_on_fashion_and_creativity,924193,TED2008,2008-02-02
isabel_allende_how_to_live_passionately_no_matter_your_age,3317730,TED2014,2014-03-20
isabel_allende_tells_tales_of_passion,3818298,TED2007,2007-03-03
isabel_behncke_evolution_s_gift_of_play_from_bonobo_apes_to_humans,741151,TED2011,2011-03-02
ismael_nazario_what_i_learned_as_a_kid_in_jail,1398009,TEDxNewYork,2014-11-01
israel_and_iran_a_love_story,2046571,TEDxJaffa 2012,2012-09-06
itay_talgam_lead_like_the_great_conductors,2978940,TEDGlobal 2009,2009-07-24
ivan_coyote_why_we_need_gender_neutral_bathrooms,1575399,TEDxVancouver,2015-11-14
ivan_krastev_can_democracy_exist_without_trust,650654,TEDGlobal 2012,2012-06-28
ivan_oransky_are_we_over_medicalized,651482,TEDMED 2012,2012-04-11
iwan_baan_ingenious_homes_in_unexpected_places,1489137,TEDCity2.0,2013-09-28
iyad_rahwan_what_moral_decisions_should_driverless_cars_make,928879,TEDxCambridge,2016-09-29
j_d_vance_america_s_forgotten_working_class,1121471,TEDNYC,2016-09-07
j_j_abrams_mystery_box,3587247,TED2007,2007-03-03
jaap_de_roode_how_butterflies_self_medicate,1082240,TEDYouth 2014,2014-11-15
jacek_utko_asks_can_design_save_the_newspaper,1064461,TED2009,2009-02-05
jack_andraka_a_promising_test_for_pancreatic_cancer_from_a_teenager,4592026,TED2013,2013-02-27
jack_choi_on_the_virtual_dissection_table,982499,TED2012,2012-02-29
jack_conte_how_artists_can_finally_get_paid_in_the_digital_age,1000287,TED2017,2017-04-24
jack_horner_building_a_dinosaur_from_a_chicken,2480483,TED2011,2011-03-04
jack_horner_shape_shifting_dinosaurs,1096603,TEDxVancouver,2011-11-11
jackie_savitz_save_the_oceans_feed_the_world,1195311,TEDxMidAtlantic 2013,2013-10-25
jackie_tabick,182132,TEDSalon 2009 Compassion,2009-10-01
jackson_bird_how_to_talk_and_listen_to_transgender_people,948203,TED Residency,2017-06-06
jackson_browne_if_i_could_be_anywhere,664940,TEDxGreatPacificGarbagePatch,2010-11-04
jackson_katz_violence_against_women_it_s_a_men_s_issue,1770323,TEDxFiDiWomen,2012-11-30
jacqueline_novogratz_a_third_way_to_think_about_aid,447055,TED@State,2009-06-03
jacqueline_novogratz_inspiring_a_life_of_immersion,880281,TEDWomen 2010,2010-12-08
jacqueline_novogratz_invests_in_ending_poverty,733320,TEDGlobal 2005,2005-07-01
jacqueline_novogratz_on_an_escape_from_poverty,977133,TED2009,2009-02-02
jacqueline_novogratz_on_patient_capitalism,880109,TEDGlobal 2007,2007-06-05
jae_rhim_lee,1445817,TEDGlobal 2011,2011-07-14
jaime_lerner_sings_of_the_city,610615,TED2007,2007-03-03
jake_barton_the_museum_of_you,786886,TEDSalon NY2013,2013-05-16
jake_wood_a_new_mission_for_veterans_disaster_relief,501167,TEDxSanDiego,2011-12-21
jakob_trollback_rethinks_the_music_video,485453,TED2007,2007-03-03
jamais_cascio_looks_ahead,215150,TED2006,2006-02-02
james_a_white_sr_the_little_problem_i_had_renting_a_house,1250571,TEDxColumbus,2014-11-07
james_b_glattfelder_who_controls_the_world,2567194,TEDxZurich 2012,2012-10-25
james_balog_time_lapse_proof_of_extreme_ice_loss,932713,TEDGlobal 2009,2009-07-23
james_beacham_how_we_explore_unanswered_questions_in_physics,1457388,TEDxBerlin,2016-09-04
james_burchfield_plays_invisible_turntables,802563,TED2003,2003-02-02
james_cameron_before_avatar_a_curious_boy,1919818,TED2010,2010-02-12
james_flynn_why_our_iq_levels_are_higher_than_our_grandparents,3212346,TED2013,2013-03-01
james_forbes,211229,Chautauqua Institution,2009-10-01
james_geary_metaphorically_speaking,838458,TEDGlobal 2009,2009-07-24
james_green_3_moons_and_a_planet_that_could_have_alien_life,1523045,TED Talks Live,2015-11-06
james_hansen_why_i_must_speak_out_about_climate_change,1274872,TED2012,2012-02-29
james_howard_kunstler_dissects_suburbia,1718496,TED2004,2004-02-02
james_lyne_everyday_cybercrime_and_what_you_can_do_about_it,1454416,TED2013,2013-02-28
james_nachtwey_fights_xdrtb,426586,TED Prize Wish,2008-10-03
james_nachtwey_s_searing_pictures_of_war,1296096,TED2007,2007-03-08
james_patten_the_best_computer_interface_maybe_your_hands,1045605,TED Fellows Retreat 2013,2013-08-20
james_randi,2704667,TED2007,2007-02-02
james_stavridis_how_nato_s_supreme_commander_thinks_about_global_security,726768,TEDGlobal 2012,2012-06-26
james_surowiecki_on_the_turning_point_for_social_media,440768,TED2005,2005-02-02
james_veitch_the_agony_of_trying_to_unsubscribe,7998600,TEDSummit,2016-06-29
james_veitch_this_is_what_happens_when_you_reply_to_spam_email,24799451,TEDGlobal>Geneva,2015-12-08
james_watson_on_how_he_discovered_dna,1570199,TED2005,2005-02-02
jamie_bartlett_how_the_mysterious_dark_net_is_going_mainstream,2155098,TEDGlobalLondon,2015-06-16
jamie_drummond_how_to_set_goals_for_the_world,519265,TEDGlobal 2012,2012-06-27
jamie_heywood_the_big_idea_my_brother_inspired,536584,TEDMED 2009,2009-10-10
jamie_oliver,7863886,TED2010,2010-02-20
jamil_abu_wardeh_bringing_comedy_to_the_axis_of_evil,838241,TEDGlobal 2010,2010-07-15
jamila_lyiscott_3_ways_to_speak_english,4014293,TEDSalon NY2014,2014-02-12
jamila_raqib_the_secret_to_effective_nonviolent_resistance,900887,TED Talks Live,2015-11-04
jan_chipchase_on_our_mobile_phones,706608,TED2007,2007-03-03
jane_chen_a_warm_embrace_that_saves_lives,723790,TEDIndia 2009,2009-11-05
jane_fonda_and_lily_tomlin_a_hilarious_celebration_of_lifelong_female_friendship,2368848,TEDWomen 2015,2015-05-27
jane_fonda_life_s_third_act,2406180,TEDxWomen 2011,2011-12-07
jane_goodall_at_tedglobal_07,617578,TEDGlobal 2007,2007-06-06
jane_goodall_on_what_separates_us_from_the_apes,1714197,TED2002,2002-03-01
jane_mcgonigal_gaming_can_make_a_better_world,4675407,TED2010,2010-02-12
jane_mcgonigal_massively_multi_player_thumb_wrestling,1165779,TEDGlobal 2013,2013-06-11
jane_mcgonigal_the_game_that_can_give_you_10_extra_years_of_life,6313829,TEDGlobal 2012,2012-06-28
jane_poynter_life_in_biosphere_2,884261,TEDxUSC,2009-03-23
janet_echelman,1885174,TED2011,2011-03-03
janet_iwasa_how_animations_can_help_scientists_test_a_hypothesis,854402,TED2014,2014-03-19
janette_sadik_khan_new_york_s_streets_not_so_mean_any_more,938654,TEDCity2.0,2013-09-20
janine_benyus_biomimicry_in_action,1158557,TEDGlobal 2009,2009-07-22
janine_benyus_shares_nature_s_designs,1959274,TED2005,2005-02-24
janine_di_giovanni_what_i_saw_in_the_war,960801,TEDxWomen 2012,2012-12-01
janine_shepherd_a_broken_body_isn_t_a_broken_person,1398653,TEDxKC,2012-10-01
janna_levin_the_sound_the_universe_makes,1142418,TED2011,2011-03-01
jared_diamond_how_societies_can_grow_old_better,940852,TED2013,2013-03-14
jared_diamond_on_why_societies_collapse,1756444,TED2003,2003-02-28
jared_ficklin_new_ways_to_see_music_with_color_and_fire,678635,TED2012,2012-03-01
jarreth_merz_filming_democracy_in_ghana,402929,TEDGlobal 2011,2011-07-14
jarrett_j_krosoczka_how_a_boy_became_an_artist,894073,TEDxHampshireCollege,2012-10-12
jarrett_krosoczka_why_lunch_ladies_are_heroes,1283701,TED@NYC,2014-07-08
jason_clay_how_big_brands_can_save_biodiversity,437810,TEDGlobal 2010,2010-07-09
jason_decaires_taylor_an_underwater_art_museum_teeming_with_life,1480082,Mission Blue II,2015-10-10
jason_fried_why_work_doesn_t_happen_at_work,5033875,TEDxMidwest,2010-10-18
jason_mccue_terrorism_is_a_failed_brand,797214,TEDGlobal 2012,2012-06-26
jason_pontin_can_technology_solve_our_big_problems,1518787,TED2013,2013-02-28
jay_bradner_open_source_cancer_research,516576,TEDxBoston 2011,2011-05-26
jay_silver_hack_a_banana_make_a_keyboard,1338589,TEDSalon NY2013,2013-04-24
jay_walker_on_the_world_s_english_mania,4357763,TED2009,2009-02-05
jay_walker_s_library_of_human_imagination,492140,TED2008,2008-02-29
jd_schramm,1649147,TEDActive 2011,2011-03-03
jean_baptiste_michel_the_mathematics_of_history,1198106,TED2012,2012-02-27
jean_paul_mari_the_chilling_aftershock_of_a_brush_with_death,771409,TEDxCannes,2015-03-28
jeanne_gang_buildings_that_blend_nature_and_city,1112627,TEDWomen 2016,2016-10-26
jedidah_isler_how_i_fell_in_love_with_quasars_blazars_and_our_incredible_universe,1189130,TED2015,2015-03-17
jedidah_isler_the_untapped_genius_that_could_change_science_for_the_better,1497492,TED Fellows Retreat 2015,2015-08-26
jeff_bezos_gifts_vs_choices,688762,Princeton University,2010-05-15
jeff_bezos_on_the_next_web_innovation,875056,TED2003,2003-02-02
jeff_han_demos_his_breakthrough_touchscreen,4567099,TED2006,2006-02-06
jeff_hancock_3_types_of_digital_lies,1218129,TEDxWinnipeg,2012-09-13
jeff_hawkins_on_how_brain_science_will_change_computing,1399652,TED2003,2003-02-02
jeff_iliff_one_more_reason_to_get_a_good_night_s_sleep,3971661,TEDMED 2014,2014-09-18
jeff_kirschner_this_app_makes_it_fun_to_pick_up_litter,1114408,TED Residency,2016-12-13
jeff_skoll_makes_movies_that_make_change,741194,TED2007,2007-03-03
jeff_smith_lessons_in_business_from_prison,1247939,TED@New York,2012-06-07
jeff_speck_4_ways_to_make_a_city_more_walkable,1473351,TEDxMidAtlantic,2013-10-25
jeff_speck_the_walkable_city,1072151,TEDCity2.0,2013-09-20
jeffrey_brown_how_we_cut_youth_violence_in_boston_by_79_percent,1064672,TED2015,2015-03-19
jeffrey_kluger_the_sibling_bond,454859,TEDxAsheville,2011-11-13
jehane_noujaim_inspires_a_global_day_of_film,395770,TED2006,2006-02-26
jen_brea_what_happens_when_you_have_a_disease_doctors_can_t_diagnose,1586128,TEDSummit,2016-06-27
jenna_mccarthy_what_you_don_t_know_about_marriage,4489868,TEDxAmericanRiviera,2011-11-11
jenni_chang_and_lisa_dazols_this_is_what_lgbt_life_is_like_around_the_world,1732158,TEDWomen 2015,2015-05-27
jennifer_8_lee_looks_for_general_tso,1309959,Taste3 2008,2008-07-07
jennifer_doudna_we_can_now_edit_our_dna_but_let_s_do_it_wisely,2069007,TEDGlobal>London,2015-09-29
jennifer_golbeck_the_curly_fry_conundrum_why_social_media_likes_say_more_than_you_might_think,2085958,TEDxMidAtlantic 2013,2013-10-01
jennifer_granholm_a_clean_energy_proposal_race_to_the_top,750959,TED2013,2013-02-26
jennifer_granick_how_the_us_government_spies_on_people_who_protest_including_you,1058252,TEDxStanford,2017-04-23
jennifer_healey_if_cars_could_talk_accidents_might_be_avoidable,840133,TED@Intel,2013-04-08
jennifer_kahn_gene_editing_can_now_change_an_entire_species_forever,1559563,TED2016,2016-02-17
jennifer_lin_improvs_piano_magic,1659199,TED2004,2004-02-26
jennifer_pahlka_coding_a_better_government,836692,TED2012,2012-02-29
jennifer_pluznick_you_smell_with_your_body_not_just_your_nose,1384351,TEDMED 2016,2016-11-30
jennifer_senior_for_parents_happiness_is_a_very_high_bar,1964828,TED2014,2014-03-21
jer_thorp_make_data_more_human,224977,TEDxVancouver,2011-11-12
jeremy_gilley_one_day_of_peace,850700,TEDGlobal 2011,2011-07-15
jeremy_heimans_what_new_power_looks_like,1370702,TEDSalon Berlin 2014,2014-06-23
jeremy_howard_the_wonderful_and_terrifying_implications_of_computers_that_can_learn,2270202,TEDxBrussels,2014-12-01
jeremy_jackson,642402,Mission Blue Voyage,2010-04-09
jeremy_kasdin_the_flower_shaped_starshade_that_might_help_us_detect_earth_like_planets,1293109,TED2014,2014-03-19
jeremy_rifkin_on_the_empathic_civilization,550473,RSA Animate,2010-08-19
jessa_gamble_how_to_sleep,2315856,TEDGlobal 2010,2010-07-15
jesse_schell_when_games_invade_real_life,451403,DICE Summit 2010,2010-02-18
jessi_arrington_wearing_nothing_new,1231871,TEDActive 2011,2011-03-03
jessica_green_are_we_filtering_the_wrong_microbes,557581,TEDGlobal 2011,2011-07-14
jessica_green_good_germs_make_healthy_buildings,966449,TED2013,2013-02-25
jessica_jackley_poverty_money_and_love,1378574,TEDGlobal 2010,2010-07-14
jessica_ladd_the_reporting_system_that_sexual_assault_survivors_want,1278493,TED2016,2016-02-15
jessica_shortall_how_america_fails_new_parents_and_their_babies,1416871,TEDxSMU,2015-10-17
ji_hae_park_the_violin_and_my_dark_night_of_the_soul,2853547,TED2013,2013-02-27
jia_jiang_what_i_learned_from_100_days_of_rejection,3822422,TEDxMtHood,2015-05-02
jill_bolte_taylor_s_powerful_stroke_of_insight,21757757,TED2008,2008-02-27
jill_farrant_how_we_can_make_crops_survive_without_water,1363578,TEDGlobal>Geneva,2015-12-08
jill_heinerth_the_mysterious_world_of_underwater_caves,1513483,TEDYouth 2015,2015-11-14
jill_shargaa_please_please_people_let_s_put_the_awe_back_in_awesome,1510043,TED@NYC,2014-07-09
jill_sobule_sings_to_al_gore,607664,TED2006,2006-02-26
jill_tarter_s_call_to_join_the_seti_search,1277185,TED2009,2009-02-05
jim_al_khalili_how_quantum_biology_might_explain_life_s_biggest_questions,1566354,TEDGlobalLondon,2015-06-16
jim_fallon_exploring_the_mind_of_a_killer,2172197,TED2009,2009-02-05
jim_hemerling_5_ways_to_lead_in_an_era_of_constant_change,1948366,TED@BCG Paris,2016-05-18
jim_holt_why_does_the_universe_exist,3211028,TED2014,2014-03-13
jim_simons_a_rare_interview_with_the_mathematician_who_cracked_wall_street,1865966,TED2015,2015-03-17
jim_toomey_learning_from_sherman_the_shark,483263,Mission Blue Voyage,2010-04-12
jim_yong_kim_doesn_t_everyone_deserve_a_chance_at_a_good_life,1523507,TED2017,2017-04-24
jimmy_carter_why_i_believe_the_mistreatment_of_women_is_the_number_one_human_rights_abuse,1432450,TEDWomen 2015,2015-05-29
jimmy_lin_a_simple_new_blood_test_that_can_catch_cancer_early,1221802,TED2017,2017-04-24
jimmy_nelson_gorgeous_portraits_of_the_world_s_vanishing_people,1377358,TEDGlobal 2014,2014-10-09
jimmy_wales_on_the_birth_of_wikipedia,1140624,TEDGlobal 2005,2005-07-14
jinha_lee_a_tool_that_lets_you_touch_pixels,1795957,TED2013,2013-02-27
jinsop_lee_design_for_all_5_senses,1498370,TED2013,2013-02-27
jk_rowling_the_fringe_benefits_of_failure,1431151,Harvard University,2008-06-05
joachim_de_posada_says_don_t_eat_the_marshmallow_yet,2746134,TED2009,2009-02-05
joan_blades_and_john_gable_free_yourself_from_your_filter_bubbles,798499,TEDWomen 2017,2017-11-02
joan_halifax,1493894,TEDWomen 2010,2010-12-03
joann_kuchera_morin_tours_the_allosphere,641879,TED2009,2009-02-05
jocelyne_bloch_the_brain_may_be_able_to_repair_itself_with_help,2234049,TEDGlobal>Geneva,2015-12-08
jody_williams_a_realistic_vision_for_world_peace,699196,TEDWomen 2010,2010-12-08
joe_derisi_hunts_the_next_killer_virus,408177,TED2006,2006-02-02
joe_desimone_what_if_3d_printing_was_25x_faster,2706369,TED2015,2015-03-16
joe_gebbia_how_airbnb_designs_for_trust,2081555,TED2016,2016-02-16
joe_kowan_how_i_beat_stage_fright,2336367,TED@State Street Boston,2013-11-18
joe_landolina_this_gel_can_make_you_stop_bleeding_instantly,1718515,TEDGlobal 2014,2014-10-14
joe_lassiter_we_need_nuclear_power_to_solve_climate_change,1095064,TEDSummit,2016-06-28
joe_madiath_better_toilets_better_life,988909,TEDGlobal 2014,2014-10-21
joe_sabia_the_technology_of_storytelling,1131816,Full Spectrum Auditions,2011-05-24
joe_smith_how_to_use_a_paper_towel,3328453,TEDxConcordiaUPortland,2012-03-31
joel_burns_tells_gay_teens_it_gets_better,283189,Fort Worth City Council,2010-10-12
joel_levine,633056,TEDxNASA,2009-11-20
joel_selanikio_the_surprising_seeds_of_a_big_data_revolution_in_healthcare,697238,TEDxAustin,2013-02-09
joey_alexander_an_11_year_old_prodigy_performs_old_school_jazz,2214229,TED2015,2015-03-25
johan_rockstrom_let_the_environment_guide_our_development,961487,TEDGlobal 2010,2010-07-16
johann_hari_everything_you_think_you_know_about_addiction_is_wrong,8495048,TEDGlobalLondon,2015-06-16
johanna_blakley_lessons_from_fashion_s_free_culture,1049695,TEDxUSC,2010-04-13
johanna_blakley_social_media_and_the_end_of_gender,1299432,TEDWomen 2010,2010-12-08
john_bohannon_dance_vs_powerpoint_a_modest_proposal,499326,TEDxBrussels,2011-11-22
john_delaney_wiring_an_interactive_ocean,334675,Mission Blue Voyage,2010-04-14
john_doerr_sees_salvation_and_profit_in_greentech,848090,TED2007,2007-03-03
john_francis_walks_the_earth,752615,TED2008,2008-02-02
john_gerzema_the_post_crisis_consumer,772127,TEDxKC,2009-08-20
john_graham_cumming_the_greatest_machine_that_never_was,1195110,TEDxImperialCollege,2012-03-24
john_green_the_nerd_s_guide_to_learning_everything_online,3470346,TEDxIndianapolis,2012-11-19
john_hardy_my_green_school_dream,984269,TEDGlobal 2010,2010-07-15
john_hockenberry_we_are_all_designers,747194,TED2012,2012-03-01
john_hodgman_design_explained,1141596,TED2012,2012-03-01
john_hodgman_s_brief_digression,1978379,TED2008,2008-02-02
john_hunter_on_the_world_peace_game,1423182,TED2011,2011-03-04
john_kasaona_from_poachers_to_caretakers,334932,TED2010,2010-02-10
john_koenig_beautiful_new_words_to_describe_obscure_emotions,1448967,TEDxBerkeley,2016-02-06
john_la_grou_plugs_smart_power_outlets_1,615848,TED2009,2009-02-06
john_legend_redemption_song,1601951,TED2016,2016-02-15
john_lloyd_an_animated_tour_of_the_invisible,342769,TED-Ed,2012-09-26
john_lloyd_inventories_the_invisible,1165355,TEDGlobal 2009,2009-07-23
john_maeda_how_art_technology_and_design_inform_creative_leaders,1061481,TEDGlobal 2012,2012-06-26
john_maeda_on_design,247048,Serious Play 2008,2008-05-05
john_maeda_on_the_simple_life,1256887,TED2007,2007-03-03
john_mcwhorter_4_reasons_to_learn_a_new_language,2356504,TED2016,2016-02-16
john_mcwhorter_txtng_is_killing_language_jk,2273235,TED2013,2013-02-28
john_searle_our_shared_condition_consciousness,1353244,TEDxCERN,2013-05-08
john_underkoffler_drive_3d_data_with_a_gesture,1522819,TED2010,2010-02-11
john_walker_re_creates_great_performances,334312,EG 2007,2007-12-12
john_wilbanks_let_s_pool_our_medical_data,547491,TEDGlobal 2012,2012-06-29
john_wooden_on_the_difference_between_winning_and_success,5021604,TED2001,2001-02-01
johnny_lee_demos_wii_remote_hacks,5524498,TED2008,2008-02-28
joi_ito_want_to_innovate_become_a_now_ist,2103387,TED2014,2014-03-14
jok_church_a_circle_of_caring,740934,TED2007,2007-03-03
jon_boogz_and_lil_buck_a_dance_to_honor_mother_earth,232796,TED2017,2017-04-24
jon_bowers_we_should_aim_for_perfection_and_stop_fearing_failure,1183539,TED@UPS,2017-07-20
jon_gosier_the_problem_with_trickle_down_techonomics,764763,TEDGlobal 2014,2014-10-16
jon_mooallem_the_strange_story_of_the_teddy_bear_and_what_it_reveals_about_our_relationship_to_animals,1108959,TED2014,2014-03-19
jon_nguyen_tour_the_solar_system_from_home,738079,TEDxSanDiego,2011-12-03
jon_ronson_strange_answers_to_the_psychopath_test,11653365,TED2012,2012-03-01
jon_ronson_what_happens_when_online_shaming_spirals_out_of_control,2782017,TEDGlobalLondon,2015-06-16
jonas_eliasson_how_to_solve_traffic_jams,1224065,TEDxHelvetia,2012-09-13
jonas_gahr_store_in_defense_of_dialogue,350704,TEDxRC2,2011-11-11
jonathan_drori_every_pollen_grain_has_a_story,409889,TED2010,2010-02-11
jonathan_drori_on_what_we_think_we_know,1040683,TED2007,2007-02-02
jonathan_drori_the_beautiful_tricks_of_flowers,956045,TEDSalon London Spring 2011,2011-05-18
jonathan_drori_why_we_re_storing_billions_of_seeds,569076,TED2009,2009-02-06
jonathan_eisen_meet_your_microbes,752815,TEDMED 2012,2012-04-16
jonathan_foley_the_other_inconvenient_truth,720111,TEDxTC,2010-10-13
jonathan_haidt_can_a_divided_america_heal,1584730,TEDNYC,2016-11-02
jonathan_haidt_how_common_threats_can_make_common_political_ground,614392,TEDSalon NY2012,2012-12-19
jonathan_haidt_humanity_s_stairway_to_self_transcendence,1149040,TED2012,2012-02-29
jonathan_haidt_on_the_moral_mind,2849131,TED2008,2008-03-01
jonathan_harris_collects_stories,862371,TED2007,2007-12-12
jonathan_harris_tells_the_web_s_secret_stories,1063873,TED2007,2007-03-03
jonathan_klein_photos_that_changed_the_world,1221213,TED2010,2010-02-11
jonathan_marks_in_praise_of_conflict,1186390,TEDxPSU,2017-02-12
jonathan_rossiter_a_robot_that_eats_pollution,1167560,TEDxWarwick,2016-03-05
jonathan_tepperman_the_risky_politics_of_progress,954750,TEDSummit,2016-06-29
jonathan_trent_energy_from_floating_algae_pods,846907,TEDGlobal 2012,2012-06-27
jonathan_zittrain_the_web_is_a_random_act_of_kindness,729852,TEDGlobal 2009,2009-07-22
jorge_drexler_poetry_music_and_identity,762774,TED2017,2017-04-24
jorge_ramos_why_journalists_have_an_obligation_to_challenge_power,439546,TED2017,2017-04-24
jorge_soto_the_future_of_early_cancer_detection,1232761,TEDGlobal 2014,2014-10-09
jose_abreu_on_kids_transformed_by_music,958146,TED2009,2009-02-05
jose_bowen_beethoven_the_businessman,120142,TEDxSMU,2011-12-03
jose_miguel_sokoloff_how_christmas_lights_helped_guerrillas_put_down_their_guns,769191,TEDGlobal 2014,2014-10-07
joseph_kim_the_family_i_lost_in_north_korea_and_the_family_i_gained,2211986,TEDGlobal 2013,2013-06-13
joseph_lekuton_tells_a_parable_for_kenya,204361,TEDGlobal 2007,2007-06-06
joseph_nye_on_global_power_shifts,984350,TEDGlobal 2010,2010-07-09
joseph_pine_on_what_consumers_want,964816,TED2004,2004-02-29
joseph_ravenell_how_barbershops_can_keep_men_healthy,1037362,TED2016,2016-02-16
joseph_redmon_how_a_computer_learns_to_recognize_objects_instantly,1466221,TED2017,2017-04-24
josette_sheeran_ending_hunger_now,830651,TEDGlobal 2011,2011-07-14
josh_luber_why_sneakers_are_a_great_investment,1857234,TED@IBM,2015-10-15
josh_silver_demos_adjustable_liquid_filled_eyeglasses,762047,TEDGlobal 2009,2009-07-23
joshua_foer_feats_of_memory_anyone_can_do,4875369,TED2012,2012-02-29
joshua_klein_on_the_intelligence_of_crows,2418749,TED2008,2008-03-03
joshua_prager_in_search_for_the_man_who_broke_my_neck,1361684,TED2013,2013-03-01
joshua_prager_wisdom_from_great_writers_on_every_year_of_life,1566904,TEDActive 2015,2015-03-19
joshua_prince_ramus_building_a_theater_that_remakes_itself,742769,TEDxSMU,2009-10-10
joshua_prince_ramus_on_seattle_s_library,1000120,TED2006,2006-02-23
joshua_smith_new_nanotech_to_catch_cancer_early,941592,TED@IBM,2016-11-15
joshua_walters_on_being_just_crazy_enough,1666847,Full Spectrum Auditions,2011-05-24
joy_buolamwini_how_i_m_fighting_bias_in_algorithms,926925,TEDxBeaconStreet,2016-11-19
joy_sun_should_you_donate_differently,1235286,TED@NYC,2014-07-08
jp_rangaswami_information_is_food,663023,TED@SXSWi,2012-04-09
jr_one_year_of_turning_the_world_inside_out,1151698,TED2012,2012-03-01
jr_s_ted_prize_wish_use_art_to_turn_the_world_inside_out,2664919,TED2011,2011-03-02
juan_enriquez_how_to_think_about_digital_tattoos,1596677,TED2013,2013-02-26
juan_enriquez_on_genomics_and_our_future,707593,TED2003,2003-02-02
juan_enriquez_shares_mindboggling_new_science,2981454,TED2009,2009-02-04
juan_enriquez_wants_to_grow_energy,960159,TEDSalon 2007 Hot Science,2007-09-09
juan_enriquez_we_can_reprogram_life_how_to_do_it_wisely,1998163,TED Talks Live,2015-11-06
juan_enriquez_what_will_humans_look_like_in_100_years,2689742,TEDSummit,2016-06-26
juan_enriquez_will_our_kids_be_a_different_species,1903523,TEDxSummit,2012-04-26
jude_kelly_why_women_should_tell_the_stories_of_humanity,1133167,TEDWomen 2016,2016-10-26
judson_brewer_a_simple_way_to_break_a_bad_habit,8952632,TEDMED 2015,2015-11-18
judy_macdonald_johnston_prepare_for_a_good_end_of_life,1492170,TED2013,2013-02-27
julia_bacha,754576,TEDGlobal 2011,2011-07-13
julia_bacha_how_women_wage_conflict_without_violence,825115,TEDSummit,2016-06-29
julia_galef_why_you_think_you_re_right_even_if_you_re_wrong,3310591,TEDxPSU,2016-02-28
julia_sweeney_has_the_talk,3418482,TED2010,2010-02-12
julia_sweeney_on_letting_go_of_god,3828112,TED2006,2006-02-24
julian_assange_why_the_world_needs_wikileaks,2297707,TEDGlobal 2010,2010-07-16
julian_baggini_is_there_a_real_you,1042322,TEDxYouth@Manchester,2011-11-03
julian_treasure_5_ways_to_listen_better,5759939,TEDGlobal 2011,2011-07-11
julian_treasure_how_to_speak_so_that_people_want_to_listen,24916922,TEDGlobal 2013,2013-06-10
julian_treasure_shh_sound_health_in_8_steps,1223805,TEDGlobal 2010,2010-07-09
julian_treasure_the_4_ways_sound_affects_us,1605938,TEDGlobal 2009,2009-07-21
julian_treasure_why_architects_need_to_use_their_ears,1242461,TEDGlobal 2012,2012-06-26
juliana_machado_ferreira,326963,TED2010,2010-02-02
juliana_rotich_meet_brck_internet_access_built_for_africa,636484,TEDGlobal 2013,2013-06-11
julie_burstein_4_lessons_in_creativity,1817530,TED2012,2012-02-29
julie_lythcott_haims_how_to_raise_successful_kids_without_over_parenting,2878327,TED Talks Live,2015-11-01
julie_taymor_spider_man_the_lion_king_and_life_on_the_creative_edge,970304,TED2011,2011-03-02
julio_gil_future_tech_will_give_you_the_benefits_of_city_life_anywhere,1117780,TED@UPS,2017-07-20
jun_wang_how_digital_dna_could_help_you_make_better_health_choices,1062123,TED2017,2017-04-24
just_how_small_is_an_atom,443945,TED-Ed,2012-04-25
justin_baldoni_why_i_m_done_trying_to_be_man_enough,1740041,TEDWomen 2017,2017-11-01
justin_davidson_why_shiny_glass_towers_are_bad_for_city_life,1306411,TEDNYC,2017-03-08
justin_hall_tipping_freeing_energy_from_the_grid,1055349,TEDGlobal 2011,2011-07-13
kailash_satyarthi_how_to_make_peace_get_angry,1217941,TED2015,2015-03-25
kakenya_ntaiya_a_girl_who_demanded_school,2491093,TEDxMidAtlantic,2012-10-26
kaki_king_a_musical_escape_into_a_world_of_light_and_color,1387837,TEDWomen 2015,2015-05-27
kaki_king_rocks_out_to_pink_noise,1070070,TED2008,2008-03-01
kamal_meattle_on_how_to_grow_your_own_fresh_air,3220409,TED2009,2009-02-05
kamau_gachigi_success_stories_from_kenya_s_first_makerspace,691713,TEDGlobal 2017,2017-08-27
kandice_sumner_how_america_s_public_schools_keep_kids_in_poverty,1238384,TEDxBeaconStreet,2015-11-14
kang_lee_can_you_really_tell_if_a_kid_is_lying,6769131,TED2016,2016-02-18
kare_anderson_be_an_opportunity_maker,2271914,TED@IBM,2014-09-15
karen_armstrong_let_s_revive_the_golden_rule,761284,TEDGlobal 2009,2009-07-24
karen_armstrong_makes_her_ted_prize_wish_the_charter_for_compassion,1340915,TED2008,2008-02-28
karen_bass_unseen_footage_untamed_nature,754847,TED2012,2012-03-01
karen_thompson_walker_what_fear_can_teach_us,1997200,TEDGlobal 2012,2012-06-28
karen_tse_how_to_stop_torture,540005,TEDGlobal 2011,2011-07-13
karim_abouelnaga_a_summer_school_kids_actually_want_to_attend,1071633,TED2017,2017-04-24
karima_bennoune_the_side_of_terrorism_that_doesn_t_make_headlines,1441178,TEDxExeter,2014-03-24
karina_galperin_why_don_t_we_write_words_the_way_pronounce_them,492971,TEDxRiodelaPlata,2015-09-24
karoliina_korppoo_how_a_video_game_might_help_us_build_better_cities,1196853,TED2017,2017-04-24
kartick_satyanarayan_how_we_rescued_the_dancing_bears,419536,TEDIndia 2009,2009-11-06
kary_mullis_next_gen_cure_for_killer_infections,632201,TED2009,2009-02-05
kary_mullis_on_what_scientists_do,540106,TED2002,2002-02-02
kate_adams_4_larger_than_life_lessons_from_soap_operas,1448335,TED@UPS,2016-09-15
kate_hartman_the_art_of_wearable_communication,883553,TED2011,2011-03-02
kate_marvel_can_clouds_buy_us_more_time_to_solve_climate_change,1091395,TED2017,2017-04-24
kate_orff_oysters_as_architecture,325519,TEDWomen 2010,2010-12-08
kate_stafford_how_human_noise_affects_ocean_habitats,1088537,TEDxCERN,2016-11-05
kate_stone_dj_decks_made_of_paper,691348,TED2013,2013-02-27
katherine_fulton_you_are_the_future_of_philanthropy,444992,TED2007,2007-03-10
katherine_kuchenbecker_the_technology_of_touch,277160,TEDYouth 2012,2012-11-17
kathryn_schulz_don_t_regret_regret,1852330,TEDSalon NY2011,2011-11-09
kathryn_schulz_on_being_wrong,4078807,TED2011,2011-03-04
kathy_hull_stories_from_a_home_for_terminally_ill_children,935818,TEDWomen 2016,2016-10-26
katie_bouman_what_does_a_black_hole_look_like,1621932,TEDxBeaconStreet,2016-11-19
katie_hinde_what_we_don_t_know_about_mother_s_milk,1168464,TEDWomen 2016,2016-10-26
katrina_spade_when_i_die_recompose_me,1146044,TEDxOrcasIsland,2016-03-05
kavita_ramdas_radical_women_embracing_tradition,481830,TEDIndia 2009,2009-11-05
kayla_briet_why_do_i_make_art_to_build_time_capsules_for_my_heritage,693087,TED2017,2017-04-24
kees_moeliker_how_a_dead_duck_changed_my_life,1319466,TED2013,2013-02-28
keith_barry_does_brain_magic,13672075,TED2004,2004-02-02
keith_bellows_on_the_camel_s_hump,189247,TED2002,2002-02-02
keith_chen_could_your_language_affect_your_ability_to_save_money,1680185,TEDGlobal 2012,2012-06-23
keith_nolan_deaf_in_the_military,125279,TEDxIslay,2011-04-23
keller_rinaudo_a_mini_robot_powered_by_your_phone,1128184,TED2013,2013-02-26
keller_rinaudo_how_we_re_using_drones_to_deliver_blood_and_save_lives,776071,TEDGlobal 2017,2017-08-27
kelli_anderson_design_to_challenge_reality,310299,TEDxPhoenix,2011-11-11
kelli_jean_drinkwater_enough_with_the_fear_of_fat,1653892,TEDxSydney,2016-05-24
kelli_swazey_life_that_doesn_t_end_with_death,1564408,TEDMED 2013,2013-04-17
kelly_mcgonigal_how_to_make_stress_your_friend,15389720,TEDGlobal 2013,2013-06-11
ken_goldberg_4_lessons_from_robots_about_being_human,366526,TEDxBerkeley,2012-02-04
ken_jennings_watson_jeopardy_and_me_the_obsolete_know_it_all,1175775,TEDxSeattleU,2013-02-10
ken_kamler_medical_miracle_on_everest,730609,TEDMED 2009,2009-10-10
ken_robinson_changing_education_paradigms,1902520,RSA Animate,2010-10-14
ken_robinson_how_to_escape_education_s_death_valley,6944607,TED Talks Education,2013-04-23
ken_robinson_says_schools_kill_creativity,49211088,TED2006,2006-02-25
kenichi_ebina_s_magic_moves,1740166,TED2007,2007-03-03
kenneth_cukier_big_data_is_better_data,1366409,TEDSalon Berlin 2014,2014-06-23
kenneth_lacovara_hunting_for_dinosaurs_showed_me_our_place_in_the_universe,1460432,TED2016,2016-02-16
kenneth_shinozuka_my_simple_invention_designed_to_keep_my_grandfather_safe,1599458,TEDYouth 2014,2014-11-15
kent_larson_brilliant_designs_to_fit_more_people_in_every_city,1076525,TEDxBoston 2012,2012-06-22
keolu_fox_why_genetic_research_must_be_more_diverse,835260,TED2016,2016-02-15
keren_elazari_hackers_the_internet_s_immune_system,2175617,TED2014,2014-03-18
kevin_allocca_why_videos_go_viral,2212153,TEDYouth 2011,2011-11-19
kevin_b_jones_why_curiosity_is_the_key_to_science_and_medicine,911991,TEDxSaltLakeCity,2015-09-19
kevin_bales_how_to_combat_modern_slavery,889743,TED2010,2010-02-12
kevin_breel_confessions_of_a_depressed_comic,3067664,TEDxKids@Ambleside,2013-05-05
kevin_briggs_the_bridge_between_suicide_and_life,2622035,TED2014,2014-03-18
kevin_kelly_how_ai_can_bring_on_a_second_industrial_revolution,1469043,TEDSummit,2016-06-29
kevin_kelly_on_how_technology_evolves,1618346,TED2005,2005-02-24
kevin_kelly_on_the_next_5_000_days_of_the_web,1395627,EG 2007,2007-12-12
kevin_kelly_tells_technology_s_epic_story,557671,TEDxAmsterdam,2009-11-20
kevin_rudd_are_china_and_the_us_doomed_to_conflict,1595132,TED2015,2015-03-16
kevin_slavin_how_algorithms_shape_our_world,3738037,TEDGlobal 2011,2011-07-13
kevin_stone_the_bio_future_of_joint_replacement,493690,TED2010,2010-02-11
kevin_surace_fixing_drywall_to_heal_the_planet,357758,TED2009,2009-02-06
khadija_gbla_my_mother_s_strange_definition_of_empowerment,1104959,TEDxCanberra,2014-10-11
khalida_brohi_how_i_work_to_protect_women_from_honor_killings,1160613,TEDGlobal 2014,2014-10-15
kid_president_i_think_we_all_need_a_pep_talk,847291,SoulPancake,2013-01-24
kim_gorgens_protecting_the_brain_against_concussion,458735,TEDxDU 2010,2010-05-13
kimberle_crenshaw_the_urgency_of_intersectionality,937858,TEDWomen 2016,2016-10-27
kimberley_motley_how_i_defend_the_rule_of_law,996455,TEDGlobal 2014,2014-10-10
kio_stark_why_you_should_talk_to_strangers,2716736,TED2016,2016-02-16
kiran_bedi_a_police_chief_with_a_difference,892450,TEDWomen 2010,2010-12-08
kiran_bir_sethi_teaches_kids_to_take_charge,1449732,TEDIndia 2009,2009-11-06
kirby_ferguson_embrace_the_remix,1377969,TEDGlobal 2012,2012-06-29
kirk_citron_and_now_the_real_news,696230,TED2010,2010-02-11
kirk_sorensen_thorium_an_alternative_nuclear_fuel,397105,TEDxYYC,2011-04-01
kitra_cahana_my_father_locked_in_his_body_but_soaring_free,1118971,TEDMED 2014,2014-09-15
kitra_cahana_stories_of_the_homeless_and_hidden,1480921,TED2014,2014-03-17
klaus_stadlmann_the_world_s_smallest_3d_printer,276355,TEDxVienna,2011-10-04
knut_haanaes_two_reasons_companies_fail_and_how_to_avoid_them,1819022,TED@BCG London,2015-06-30
krista_donaldson_the_80_prosthetic_knee_that_s_changing_lives,974235,TEDWomen 2013,2013-12-05
krista_tippett_reconnecting_with_compassion,709826,TEDPrize@UN,2010-11-18
kristen_ashburn_s_heart_rending_pictures_of_aids,365691,TED2003,2003-02-28
kristen_marhaver_how_we_re_growing_baby_corals_to_rebuild_reefs,759945,Mission Blue II,2015-10-10
kristen_marhaver_why_i_still_have_hope_for_coral_reefs,1153604,TED2017,2017-04-24
kristin_poinar_what_s_hidden_under_the_greenland_ice_sheet,1307733,TED2017,2017-04-24
kristina_gjerde_making_law_on_the_high_seas,354328,Mission Blue Voyage,2010-04-16
kwabena_boahen_on_a_computer_that_works_like_the_brain,591250,TEDGlobal 2007,2007-06-06
kwame_anthony_appiah_is_religion_good_or_bad_this_is_a_trick_question,1607847,TEDSalon NY2014,2014-05-15
lakshmi_pratury_on_letter_writing,557471,TED2007,2007-03-03
lalitesh_katragadda_making_maps_to_fight_disaster_build_economies,364376,TEDIndia 2009,2009-11-09
laolu_senbanjo_the_sacred_art_of_the_ori,834562,TED2017,2017-04-24
lara_setrakian_3_ways_to_fix_a_broken_news_industry,1033402,TEDNYC,2017-01-26
larry_brilliant_makes_the_case_for_optimism,427087,Skoll World Forum 2007,2007-01-01
larry_brilliant_wants_to_stop_pandemics,712119,TED2006,2006-02-23
larry_lessig_says_the_law_is_strangling_creativity,1919868,TED2007,2007-03-03
larry_page_where_s_google_going_next,2370273,TED2014,2014-03-20
larry_smith_why_you_will_fail_to_have_a_great_career,6085711,TEDxUW,2011-11-12
latif_nasser_the_amazing_story_of_the_man_who_gave_us_modern_pain_relief,1551524,TED2015,2015-03-24
latif_nasser_you_have_no_idea_where_camels_really_come_from,2324371,TED Talks Live,2015-11-05
latoya_ruby_frazier_a_visual_history_of_inequality_in_industrial_america,1198256,TED2015,2015-03-23
laura_boushnak_for_these_women_reading_is_a_daring_act,835116,TEDGlobal 2014,2014-10-14
laura_boushnak_the_deadly_legacy_of_cluster_bombs,659073,TEDSummit,2016-06-27
laura_carstensen_older_people_are_happier,1226678,TEDxWomen 2011,2011-12-06
laura_galante_how_to_exploit_democracy,1269464,TED2017,2017-04-24
laura_indolfi_good_news_in_the_fight_against_pancreatic_cancer,1217845,TED2016,2016-02-15
laura_robinson_the_secrets_i_find_on_the_mysterious_ocean_floor,1528482,TEDxBrussels,2014-12-01
laura_schulz_the_surprisingly_logical_minds_of_babies,1648710,TED2015,2015-03-10
laura_snyder_the_philosophical_breakfast_club,1218115,TEDGlobal 2012,2012-06-19
laura_trice_suggests_we_all_say_thank_you,1811005,TED2008,2008-02-02
laura_vanderkam_how_to_gain_control_of_your_free_time,5489077,TEDWomen 2016,2016-10-27
laurel_braitman_depressed_dogs_cats_with_ocd_what_animal_madness_means_for_us_humans,1406725,TEDSalon NY2014,2014-07-16
lauren_sallan_how_to_win_at_evolution_and_survive_a_mass_extinction,877907,TED2017,2017-04-24
lauren_zalaznick,667303,TEDWomen 2010,2010-12-03
laurie_garrett_on_lessons_from_the_1918_flu,434614,TED2007,2007-02-02
laurie_santos,1260133,TEDGlobal 2010,2010-07-16
lawrence_lessig_the_unstoppable_walk_to_political_reform,1106989,TED2014,2014-03-20
lawrence_lessig_we_the_people_and_the_republic_we_must_reclaim,1457587,TED2013,2013-02-27
leah_buechley_how_to_sketch_with_electronics,772212,TEDYouth 2011,2011-11-19
leah_chase_and_pat_mitchell_an_interview_with_the_queen_of_creole_cuisine,768359,TEDWomen 2017,2017-11-01
leana_wen_what_your_doctor_won_t_disclose,1724414,TEDMED 2014,2014-09-18
lee_cronin_making_matter_come_alive,699195,TEDGlobal 2011,2011-07-13
lee_cronin_print_your_own_medicine,998870,TEDGlobal 2012,2012-06-26
lee_hotz_inside_an_antarctic_time_machine,596551,TEDGlobal 2010,2010-07-14
lee_mokobe_a_powerful_poem_about_what_it_feels_like_to_be_transgender,1252723,TEDWomen 2015,2015-05-28
lee_smolin_on_science_and_democracy,267010,TED2003,2003-02-02
leila_hoteit_3_lessons_on_success_from_an_arab_businesswoman,1948281,TED@BCG Paris,2016-05-18
lemn_sissay_a_child_of_the_state,771737,TEDxHousesOfParliament,2012-06-22
lemon_andersen_performs_please_don_t_take_my_air_jordans,1167898,TEDYouth 2011,2011-11-19
lennart_green_does_close_up_card_magic,4325322,TED2005,2005-02-02
leonard_susskind_my_friend_richard_feynman,871360,TEDxCaltech,2011-01-14
lesley_hazelton_on_reading_the_koran,1879088,TEDxRainier,2010-10-10
lesley_hazleton_the_doubt_essential_to_faith,1390256,TEDGlobal 2013,2013-06-12
leslie_dodson_don_t_misrepresent_africa,123579,TEDxBoulder 2011,2011-09-24
leslie_morgan_steiner_why_domestic_violence_victims_don_t_leave,4094332,TEDxRainier,2012-11-10
leslie_t_chang_the_voices_of_china_s_workers,1388644,TEDGlobal 2012,2012-06-26
lessig_nyed,392962,TEDxNYED,2010-04-10
levon_biss_mind_blowing_magnified_portraits_of_insects,959300,TED2017,2017-04-24
lewis_pugh_s_mind_shifting_mt_everest_swim,1042505,TEDGlobal 2010,2010-07-15
lewis_pugh_swims_the_north_pole,700269,TEDGlobal 2009,2009-09-09
leyla_acaroglu_paper_beats_plastic_how_to_rethink_environmental_folklore,1245720,TED2013,2013-02-28
leymah_gbowee_unlock_the_intelligence_passion_greatness_of_girls,1115356,TED2012,2012-03-02
lian_pin_koh_a_drone_s_eye_view_of_conservation,606141,TEDGlobal 2013,2013-06-11
lidia_yuknavitch_the_beauty_of_being_a_misfit,2319525,TED2016,2016-02-18
lies_damned_lies_and_statistics_about_tedtalks,2246411,TED2010,2010-02-10
linda_cliatt_wayman_how_to_fix_a_broken_school_lead_fearlessly_love_hard,1703505,TEDWomen 2015,2015-05-29
linda_hill_how_to_manage_for_collective_creativity,2066977,TEDxCambridge,2014-09-12
linda_liukas_a_delightful_way_to_teach_kids_about_computers,1686336,TEDxCERN,2015-10-09
linus_torvalds_the_mind_behind_linux,2627590,TED2016,2016-02-17
lisa_bu_how_books_can_open_your_mind,3302689,TED2013,2013-02-28
lisa_dyson_a_forgotten_space_age_technology_could_change_how_we_grow_food,1278961,TED@BCG Paris,2016-05-18
lisa_gansky_the_future_of_business_is_the_mesh,718319,TED@MotorCity,2011-01-08
lisa_genova_what_you_can_do_to_prevent_alzheimer_s,2580112,TED2017,2017-04-24
lisa_harouni_a_primer_on_3d_printing,1608178,TEDSalon London Spring 2011,2011-11-10
lisa_kristine_glimpses_of_modern_day_slavery,2632903,TEDxMaui,2012-01-22
lisa_margonelli_the_political_chemistry_of_oil,472028,TEDxOilSpill,2010-06-28
lisa_nip_how_humans_could_evolve_to_survive_in_space,1511709,TEDxBeaconStreet,2015-11-14
liu_bolin_the_invisible_man,1318159,TED2013,2013-02-28
liz_coleman_s_call_to_reinvent_liberal_arts_education,598416,TED2009,2009-02-07
liz_diller_a_giant_bubble_for_debate,666427,TED2012,2012-03-01
liz_diller_plays_with_architecture,611658,EG 2007,2007-12-12
liz_hajek_what_rivers_can_tell_us_about_the_earth_s_history,1242206,TEDxPSU,2014-03-02
liza_donnelly_drawing_upon_humor_for_change,1320117,TEDWomen 2010,2010-12-07
lloyd_pendleton_the_housing_first_approach_to_homelessness,757570,TEDMED 2016,2016-11-30
lord_nicholas_stern_the_state_of_the_climate_and_what_we_might_do_about_it,784581,TED@Unilever,2014-09-17
loretta_napoleoni_the_intricate_economics_of_terrorism,653745,TEDGlobal 2009,2009-07-15
lorrie_faith_cranor_what_s_wrong_with_your_pa_w0rd,1487265,TEDxCMU,2014-03-31
louie_schwartzberg_hidden_miracles_of_the_natural_world,7284396,TED2014,2014-03-19
louie_schwartzberg_nature_beauty_gratitude,3746606,TEDxSF,2011-06-11
louie_schwartzberg_the_hidden_beauty_of_pollination,1919689,TED2011,2011-03-02
louise_fresco_on_feeding_the_whole_world,940788,TED2009,2009-02-05
louise_leakey_digs_for_humanity_s_origins,676032,TED2008,2008-02-02
luca_turin_on_the_science_of_scent,505698,TED2005,2005-02-02
lucianne_walkowicz_finding_planets_around_other_stars,1090707,TEDGlobal 2011,2011-07-11
lucianne_walkowicz_let_s_not_use_mars_as_a_backup_planet,2050925,TED2015,2015-03-16
lucianne_walkowicz_look_up_for_a_change,179288,TEDxPhoenix,2011-11-11
lucien_engelen_crowdsource_your_health,292861,TEDxMaastricht,2011-04-04
lucy_kalanithi_what_makes_life_worth_living_in_the_face_of_death,1739526,TEDMED 2016,2016-11-30
lucy_mcrae_how_can_technology_transform_the_human_body,1583018,TED2012,2012-02-27
ludwick_marishane_a_bath_without_water,1610681,TED@Johannesburg,2012-05-03
luis_von_ahn_massive_scale_online_collaboration,1506387,TEDxCMU,2011-04-03
luke_syson_how_i_learned_to_stop_worrying_and_love_useless_art,1162891,TEDxMet,2013-10-16
luma_mufleh_don_t_feel_sorry_for_refugees_believe_in_them,1505958,TED2017,2017-04-24
luvvie_ajayi_get_comfortable_with_being_uncomfortable,1361334,TEDWomen 2017,2017-11-01
lux_narayan_what_i_learned_from_2_000_obituaries,1472408,TEDNYC,2017-01-26
lz_granderson_the_myth_of_the_gay_agenda,1493506,TEDxGrandRapids,2012-05-09
maajid_nawaz_a_global_culture_to_fight_extremism,718787,TEDGlobal 2011,2011-07-12
mac_barnett_why_a_good_book_is_a_secret_door,1665070,TEDxSonomaCounty,2014-06-14
mac_stone_stunning_photos_of_the_endangered_everglades,1173033,TEDxUF,2015-03-21
madeleine_albright_on_being_a_woman_and_a_diplomat,742096,TEDWomen 2010,2010-12-08
mae_jemison_on_teaching_arts_and_sciences_together,768840,TED2002,2002-02-02
magda_sayeg_how_yarn_bombing_grew_into_a_worldwide_movement,1291505,TEDYouth 2015,2015-11-14
magnus_larsson_turning_dunes_into_architecture,674988,TEDGlobal 2009,2009-07-24
maira_kalman_the_illustrated_woman,686176,TED2007,2007-03-03
majora_carter_3_stories_of_local_ecoactivism,795906,TEDxMidwest,2010-09-10
majora_carter_s_tale_of_urban_renewal,1825238,TED2006,2006-02-26
malcolm_gladwell,1094647,TEDGlobal 2011,2011-07-14
malcolm_gladwell_on_spaghetti_sauce,7171549,TED2004,2004-02-26
malcolm_gladwell_the_unheard_story_of_david_and_goliath,3853504,TEDSalon NY2013,2013-09-19
malcolm_london_high_school_training_ground,1228917,TED Talks Education,2013-05-07
malcolm_mclaren_authentic_creativity_vs_karaoke_culture,252358,Handheld Learning,2009-10-06
mallika_sarabhai,490867,TEDIndia 2009,2009-11-04
mallory_soldner_your_company_s_data_could_end_world_hunger,986348,TED@UPS,2016-09-15
malte_spitz_your_phone_company_is_watching,1634651,TEDGlobal 2012,2012-06-27
